source_image,patch_file,cx,cy,area_size
CKlasse_Bilderreihe 3_P_IMG_9575_rot2.jpg,CKlasse_Bilderreihe 3_P_IMG_9575_rot2_roi_00.jpg,555,921,126688
CKlasse_Bilderreihe 3_P_IMG_9575_rot2.jpg,CKlasse_Bilderreihe 3_P_IMG_9575_rot2_roi_01.jpg,768,601,57786
CKlasse_Bilderreihe 3_P_IMG_9575_rot2.jpg,CKlasse_Bilderreihe 3_P_IMG_9575_rot2_roi_02.jpg,671,170,52922
CKlasse_Bilderreihe 3_P_IMG_9575_rot2.jpg,CKlasse_Bilderreihe 3_P_IMG_9575_rot2_roi_03.jpg,191,63,28048
CKlasse_Bilderreihe 4_P_IMG_9613_rot13.jpg,CKlasse_Bilderreihe 4_P_IMG_9613_rot13_roi_00.jpg,163,188,80317
CKlasse_Bilderreihe 4_P_IMG_9613_rot13.jpg,CKlasse_Bilderreihe 4_P_IMG_9613_rot13_roi_01.jpg,519,515,2567
CKlasse_Bilderreihe 4_P_IMG_9613_rot13.jpg,CKlasse_Bilderreihe 4_P_IMG_9613_rot13_roi_02.jpg,443,978,1938
CKlasse_Bilderreihe 4_P_IMG_9613_rot13.jpg,CKlasse_Bilderreihe 4_P_IMG_9613_rot13_roi_03.jpg,689,163,1732
CKlasse_Bilderreihe 3_P_IMG_9587_contrast.jpg,CKlasse_Bilderreihe 3_P_IMG_9587_contrast_roi_00.jpg,512,369,641136
CKlasse_Bilderreihe 3_P_IMG_9587_contrast.jpg,CKlasse_Bilderreihe 3_P_IMG_9587_contrast_roi_01.jpg,566,983,3388
CKlasse_Bilderreihe 3_P_IMG_9587_contrast.jpg,CKlasse_Bilderreihe 3_P_IMG_9587_contrast_roi_02.jpg,469,808,2167
CKlasse_Bilderreihe 3_P_IMG_9587_contrast.jpg,CKlasse_Bilderreihe 3_P_IMG_9587_contrast_roi_03.jpg,311,822,1495
CKlasse_Bilderreihe 3_P_IMG_9587_contrast.jpg,CKlasse_Bilderreihe 3_P_IMG_9587_contrast_roi_04.jpg,945,733,1067
CKlasse_Bilderreihe 3_P_IMG_9587_contrast.jpg,CKlasse_Bilderreihe 3_P_IMG_9587_contrast_roi_05.jpg,19,792,919
CKlasse_Bilderreihe 2_P_IMG_9478_rot-2.jpg,CKlasse_Bilderreihe 2_P_IMG_9478_rot-2_roi_00.jpg,306,708,122327
CKlasse_Bilderreihe 2_P_IMG_9478_rot-2.jpg,CKlasse_Bilderreihe 2_P_IMG_9478_rot-2_roi_01.jpg,891,471,11255
CKlasse_Bilderreihe 2_P_IMG_9478_rot-2.jpg,CKlasse_Bilderreihe 2_P_IMG_9478_rot-2_roi_02.jpg,697,307,1815
CKlasse_Bilderreihe 3_P_IMG_9552_rot-2.jpg,CKlasse_Bilderreihe 3_P_IMG_9552_rot-2_roi_00.jpg,512,512,361739
CKlasse_Bilderreihe 3_P_IMG_9552_rot-2.jpg,CKlasse_Bilderreihe 3_P_IMG_9552_rot-2_roi_01.jpg,876,897,33168
CKlasse_Bilderreihe 3_P_IMG_9552_rot-2.jpg,CKlasse_Bilderreihe 3_P_IMG_9552_rot-2_roi_02.jpg,869,426,7791
CKlasse_Bilderreihe 3_P_IMG_9552_rot-2.jpg,CKlasse_Bilderreihe 3_P_IMG_9552_rot-2_roi_03.jpg,507,478,6245
CKlasse_Bilderreihe 3_P_IMG_9552_rot-2.jpg,CKlasse_Bilderreihe 3_P_IMG_9552_rot-2_roi_04.jpg,629,980,2683
CKlasse_Bilderreihe 3_P_IMG_9552_rot-2.jpg,CKlasse_Bilderreihe 3_P_IMG_9552_rot-2_roi_05.jpg,871,315,757
CKlasse_Bilderreihe 3_P_IMG_9552_rot-2.jpg,CKlasse_Bilderreihe 3_P_IMG_9552_rot-2_roi_06.jpg,1009,518,573
CKlasse_Bilderreihe 3_P_IMG_9552_rot-2.jpg,CKlasse_Bilderreihe 3_P_IMG_9552_rot-2_roi_07.jpg,860,784,531
CKlasse_Bilderreihe 3_P_IMG_9570_bright.jpg,CKlasse_Bilderreihe 3_P_IMG_9570_bright_roi_00.jpg,512,512,492907
CKlasse_Bilderreihe 3_P_IMG_9570_bright.jpg,CKlasse_Bilderreihe 3_P_IMG_9570_bright_roi_01.jpg,460,389,59939
CKlasse_Bilderreihe 3_P_IMG_9570_bright.jpg,CKlasse_Bilderreihe 3_P_IMG_9570_bright_roi_02.jpg,186,243,4617
CKlasse_Bilderreihe 4_P_IMG_9622_dark.jpg,CKlasse_Bilderreihe 4_P_IMG_9622_dark_roi_00.jpg,509,591,14863
CKlasse_Bilderreihe 4_P_IMG_9622_dark.jpg,CKlasse_Bilderreihe 4_P_IMG_9622_dark_roi_01.jpg,196,903,14581
CKlasse_Bilderreihe 4_P_IMG_9622_dark.jpg,CKlasse_Bilderreihe 4_P_IMG_9622_dark_roi_02.jpg,964,175,4140
CKlasse_Bilderreihe 4_P_IMG_9622_dark.jpg,CKlasse_Bilderreihe 4_P_IMG_9622_dark_roi_03.jpg,863,1007,512
CKlasse_Bilderreihe 2_P_IMG_9429_rot10.jpg,CKlasse_Bilderreihe 2_P_IMG_9429_rot10_roi_00.jpg,512,333,368963
CKlasse_Bilderreihe 2_P_IMG_9429_rot10.jpg,CKlasse_Bilderreihe 2_P_IMG_9429_rot10_roi_01.jpg,583,972,39759
CKlasse_Bilderreihe 2_P_IMG_9429_rot10.jpg,CKlasse_Bilderreihe 2_P_IMG_9429_rot10_roi_02.jpg,501,635,5639
CKlasse_Bilderreihe 2_P_IMG_9429_rot10.jpg,CKlasse_Bilderreihe 2_P_IMG_9429_rot10_roi_03.jpg,777,898,4926
CKlasse_Bilderreihe 2_P_IMG_9429_rot10.jpg,CKlasse_Bilderreihe 2_P_IMG_9429_rot10_roi_04.jpg,332,869,2842
CKlasse_Bilderreihe 3_P_IMG_9541_contrast.jpg,CKlasse_Bilderreihe 3_P_IMG_9541_contrast_roi_00.jpg,404,332,321095
CKlasse_Bilderreihe 3_P_IMG_9541_contrast.jpg,CKlasse_Bilderreihe 3_P_IMG_9541_contrast_roi_01.jpg,512,512,316512
CKlasse_Bilderreihe 3_P_IMG_9541_contrast.jpg,CKlasse_Bilderreihe 3_P_IMG_9541_contrast_roi_02.jpg,982,733,1768
CKlasse_Bilderreihe 3_P_IMG_9541_contrast.jpg,CKlasse_Bilderreihe 3_P_IMG_9541_contrast_roi_03.jpg,1017,964,791
CKlasse_Bilderreihe 3_P_IMG_9584_noise.jpg,CKlasse_Bilderreihe 3_P_IMG_9584_noise_roi_00.jpg,543,212,287370
CKlasse_Bilderreihe 3_P_IMG_9584_noise.jpg,CKlasse_Bilderreihe 3_P_IMG_9584_noise_roi_01.jpg,475,728,180270
CKlasse_Bilderreihe 3_P_IMG_9584_noise.jpg,CKlasse_Bilderreihe 3_P_IMG_9584_noise_roi_02.jpg,63,255,26453
CKlasse_Bilderreihe 3_P_IMG_9584_noise.jpg,CKlasse_Bilderreihe 3_P_IMG_9584_noise_roi_03.jpg,134,702,11642
CKlasse_Bilderreihe 3_P_IMG_9584_noise.jpg,CKlasse_Bilderreihe 3_P_IMG_9584_noise_roi_04.jpg,739,681,1860
CKlasse_Bilderreihe 3_P_IMG_9584_noise.jpg,CKlasse_Bilderreihe 3_P_IMG_9584_noise_roi_05.jpg,937,961,1125
CKlasse_Bilderreihe 3_P_IMG_9584_noise.jpg,CKlasse_Bilderreihe 3_P_IMG_9584_noise_roi_06.jpg,31,563,1068
CKlasse_Bilderreihe 3_P_IMG_9584_noise.jpg,CKlasse_Bilderreihe 3_P_IMG_9584_noise_roi_07.jpg,1010,451,868
CKlasse_Bilderreihe 3_P_IMG_9584_noise.jpg,CKlasse_Bilderreihe 3_P_IMG_9584_noise_roi_08.jpg,882,883,749
CKlasse_Bilderreihe 2_P_IMG_9356_rot0.jpg,CKlasse_Bilderreihe 2_P_IMG_9356_rot0_roi_00.jpg,512,306,163620
CKlasse_Bilderreihe 2_P_IMG_9356_rot0.jpg,CKlasse_Bilderreihe 2_P_IMG_9356_rot0_roi_01.jpg,340,86,69164
CKlasse_Bilderreihe 2_P_IMG_9356_rot0.jpg,CKlasse_Bilderreihe 2_P_IMG_9356_rot0_roi_02.jpg,799,903,57300
CKlasse_Bilderreihe 2_P_IMG_9356_rot0.jpg,CKlasse_Bilderreihe 2_P_IMG_9356_rot0_roi_03.jpg,270,623,13874
CKlasse_Bilderreihe 2_P_IMG_9356_rot0.jpg,CKlasse_Bilderreihe 2_P_IMG_9356_rot0_roi_04.jpg,908,219,9222
CKlasse_Bilderreihe 2_P_IMG_9356_rot0.jpg,CKlasse_Bilderreihe 2_P_IMG_9356_rot0_roi_05.jpg,844,472,6447
CKlasse_Bilderreihe 2_P_IMG_9356_rot0.jpg,CKlasse_Bilderreihe 2_P_IMG_9356_rot0_roi_06.jpg,30,857,1537
CKlasse_Bilderreihe 2_P_IMG_9356_rot0.jpg,CKlasse_Bilderreihe 2_P_IMG_9356_rot0_roi_07.jpg,433,535,969
20251213_125143_055.jpg,20251213_125143_055_roi_00.jpg,2018,1471,1771801
20251213_125143_055.jpg,20251213_125143_055_roi_01.jpg,1343,1024,641006
20251213_125143_055.jpg,20251213_125143_055_roi_02.jpg,3203,2464,309894
20251213_125143_055.jpg,20251213_125143_055_roi_03.jpg,3857,1500,290465
20251213_125143_055.jpg,20251213_125143_055_roi_04.jpg,425,2608,248403
20251213_125143_055.jpg,20251213_125143_055_roi_05.jpg,2534,2128,71654
20251213_125143_055.jpg,20251213_125143_055_roi_06.jpg,1766,734,48071
20251213_125143_055.jpg,20251213_125143_055_roi_07.jpg,2481,488,30094
20251213_125143_055.jpg,20251213_125143_055_roi_08.jpg,3413,446,21310
20251213_125143_055.jpg,20251213_125143_055_roi_09.jpg,1925,1353,12610
20251213_125143_055.jpg,20251213_125143_055_roi_10.jpg,2977,2040,10840
20251213_125143_055.jpg,20251213_125143_055_roi_11.jpg,3210,2117,8852
20251213_125143_055.jpg,20251213_125143_055_roi_12.jpg,1022,1962,6962
20251213_125143_055.jpg,20251213_125143_055_roi_13.jpg,2537,1563,4798
20251213_125143_055.jpg,20251213_125143_055_roi_14.jpg,2800,2185,3338
20251213_125143_055.jpg,20251213_125143_055_roi_15.jpg,251,1829,2998
20251213_125143_055.jpg,20251213_125143_055_roi_16.jpg,311,1721,2133
20251213_125143_055.jpg,20251213_125143_055_roi_17.jpg,2612,2618,1965
20251213_125143_055.jpg,20251213_125143_055_roi_18.jpg,916,1431,1855
20251213_125143_055.jpg,20251213_125143_055_roi_19.jpg,673,2122,1691
20251213_125143_055.jpg,20251213_125143_055_roi_20.jpg,619,2028,1586
20251213_125143_055.jpg,20251213_125143_055_roi_21.jpg,2081,2345,1545
20251213_125143_055.jpg,20251213_125143_055_roi_22.jpg,3354,2063,1446
20251213_125143_055.jpg,20251213_125143_055_roi_23.jpg,827,2081,1337
20251213_125143_055.jpg,20251213_125143_055_roi_24.jpg,459,1972,1300
CKlasse_Bilderreihe 2_P_IMG_9363_dark.jpg,CKlasse_Bilderreihe 2_P_IMG_9363_dark_roi_00.jpg,878,106,33373
CKlasse_Bilderreihe 2_P_IMG_9363_dark.jpg,CKlasse_Bilderreihe 2_P_IMG_9363_dark_roi_01.jpg,429,240,26821
CKlasse_Bilderreihe 2_P_IMG_9363_dark.jpg,CKlasse_Bilderreihe 2_P_IMG_9363_dark_roi_02.jpg,860,653,12513
CKlasse_Bilderreihe 2_P_IMG_9363_dark.jpg,CKlasse_Bilderreihe 2_P_IMG_9363_dark_roi_03.jpg,262,939,9116
CKlasse_Bilderreihe 2_P_IMG_9363_dark.jpg,CKlasse_Bilderreihe 2_P_IMG_9363_dark_roi_04.jpg,329,520,3957
CKlasse_Bilderreihe 2_P_IMG_9363_dark.jpg,CKlasse_Bilderreihe 2_P_IMG_9363_dark_roi_05.jpg,602,554,1008
CKlasse_Bilderreihe 2_P_IMG_9363_dark.jpg,CKlasse_Bilderreihe 2_P_IMG_9363_dark_roi_06.jpg,9,955,930
CKlasse_Bilderreihe 2_P_IMG_9363_dark.jpg,CKlasse_Bilderreihe 2_P_IMG_9363_dark_roi_07.jpg,648,663,731
CKlasse_Bilderreihe 4_P_IMG_9601_bright.jpg,CKlasse_Bilderreihe 4_P_IMG_9601_bright_roi_00.jpg,452,562,44603
031.png,031_roi_00.jpg,190,65,11998
031.png,031_roi_01.jpg,316,143,950
CKlasse_Bilderreihe 2_P_IMG_9394_rot12.jpg,CKlasse_Bilderreihe 2_P_IMG_9394_rot12_roi_00.jpg,261,241,118690
CKlasse_Bilderreihe 2_P_IMG_9394_rot12.jpg,CKlasse_Bilderreihe 2_P_IMG_9394_rot12_roi_01.jpg,675,140,24063
CKlasse_Bilderreihe 2_P_IMG_9394_rot12.jpg,CKlasse_Bilderreihe 2_P_IMG_9394_rot12_roi_02.jpg,478,940,11781
CKlasse_Bilderreihe 2_P_IMG_9394_rot12.jpg,CKlasse_Bilderreihe 2_P_IMG_9394_rot12_roi_03.jpg,488,560,9045
CKlasse_Bilderreihe 2_P_IMG_9394_rot12.jpg,CKlasse_Bilderreihe 2_P_IMG_9394_rot12_roi_04.jpg,307,287,6746
CKlasse_Bilderreihe 2_P_IMG_9394_rot12.jpg,CKlasse_Bilderreihe 2_P_IMG_9394_rot12_roi_05.jpg,428,791,2850
CKlasse_Bilderreihe 3_P_IMG_9544_bright.jpg,CKlasse_Bilderreihe 3_P_IMG_9544_bright_roi_00.jpg,572,635,367769
CKlasse_Bilderreihe 3_P_IMG_9544_bright.jpg,CKlasse_Bilderreihe 3_P_IMG_9544_bright_roi_01.jpg,600,76,26555
CKlasse_Bilderreihe 3_P_IMG_9544_bright.jpg,CKlasse_Bilderreihe 3_P_IMG_9544_bright_roi_02.jpg,156,953,6196
CKlasse_Bilderreihe 3_P_IMG_9544_bright.jpg,CKlasse_Bilderreihe 3_P_IMG_9544_bright_roi_03.jpg,44,39,3213
CKlasse_Bilderreihe 3_P_IMG_9544_bright.jpg,CKlasse_Bilderreihe 3_P_IMG_9544_bright_roi_04.jpg,98,47,2577
CKlasse_Bilderreihe 3_P_IMG_9544_bright.jpg,CKlasse_Bilderreihe 3_P_IMG_9544_bright_roi_05.jpg,961,186,1249
CKlasse_Bilderreihe 3_P_IMG_9544_bright.jpg,CKlasse_Bilderreihe 3_P_IMG_9544_bright_roi_06.jpg,58,215,777
CKlasse_Bilderreihe 3_P_IMG_9544_bright.jpg,CKlasse_Bilderreihe 3_P_IMG_9544_bright_roi_07.jpg,716,1018,532
CKlasse_Bilderreihe 3_P_IMG_9553_bright.jpg,CKlasse_Bilderreihe 3_P_IMG_9553_bright_roi_00.jpg,459,619,301093
CKlasse_Bilderreihe 3_P_IMG_9553_bright.jpg,CKlasse_Bilderreihe 3_P_IMG_9553_bright_roi_01.jpg,766,857,6440
CKlasse_Bilderreihe 3_P_IMG_9553_bright.jpg,CKlasse_Bilderreihe 3_P_IMG_9553_bright_roi_02.jpg,897,530,1736
CKlasse_Bilderreihe 4_P_IMG_9590_rot-8.jpg,CKlasse_Bilderreihe 4_P_IMG_9590_rot-8_roi_00.jpg,435,630,225136
CKlasse_Bilderreihe 3_P_IMG_9538_contrast.jpg,CKlasse_Bilderreihe 3_P_IMG_9538_contrast_roi_00.jpg,512,512,374389
CKlasse_Bilderreihe 3_P_IMG_9538_contrast.jpg,CKlasse_Bilderreihe 3_P_IMG_9538_contrast_roi_01.jpg,513,647,73903
CKlasse_Bilderreihe 3_P_IMG_9538_contrast.jpg,CKlasse_Bilderreihe 3_P_IMG_9538_contrast_roi_02.jpg,595,442,3994
CKlasse_Bilderreihe 3_P_IMG_9538_contrast.jpg,CKlasse_Bilderreihe 3_P_IMG_9538_contrast_roi_03.jpg,975,686,2918
CKlasse_Bilderreihe 3_P_IMG_9543_dark.jpg,CKlasse_Bilderreihe 3_P_IMG_9543_dark_roi_00.jpg,585,695,120095
CKlasse_Bilderreihe 3_P_IMG_9543_dark.jpg,CKlasse_Bilderreihe 3_P_IMG_9543_dark_roi_01.jpg,813,415,15177
CKlasse_Bilderreihe 3_P_IMG_9582_original.jpg,CKlasse_Bilderreihe 3_P_IMG_9582_original_roi_00.jpg,331,844,90308
CKlasse_Bilderreihe 3_P_IMG_9582_original.jpg,CKlasse_Bilderreihe 3_P_IMG_9582_original_roi_01.jpg,292,166,83004
CKlasse_Bilderreihe 3_P_IMG_9582_original.jpg,CKlasse_Bilderreihe 3_P_IMG_9582_original_roi_02.jpg,523,573,63209
CKlasse_Bilderreihe 3_P_IMG_9582_original.jpg,CKlasse_Bilderreihe 3_P_IMG_9582_original_roi_03.jpg,899,875,13029
CKlasse_Bilderreihe 3_P_IMG_9582_original.jpg,CKlasse_Bilderreihe 3_P_IMG_9582_original_roi_04.jpg,754,49,5432
CKlasse_Bilderreihe 3_P_IMG_9582_original.jpg,CKlasse_Bilderreihe 3_P_IMG_9582_original_roi_05.jpg,1003,1005,797
CKlasse_Bilderreihe 3_P_IMG_9587_original.jpg,CKlasse_Bilderreihe 3_P_IMG_9587_original_roi_00.jpg,518,337,338312
CKlasse_Bilderreihe 3_P_IMG_9587_original.jpg,CKlasse_Bilderreihe 3_P_IMG_9587_original_roi_01.jpg,77,399,25171
CKlasse_Bilderreihe 3_P_IMG_9587_original.jpg,CKlasse_Bilderreihe 3_P_IMG_9587_original_roi_02.jpg,13,143,940
CKlasse_Bilderreihe 3_P_IMG_9587_original.jpg,CKlasse_Bilderreihe 3_P_IMG_9587_original_roi_03.jpg,479,807,774
CKlasse_Bilderreihe 3_P_IMG_9587_original.jpg,CKlasse_Bilderreihe 3_P_IMG_9587_original_roi_04.jpg,310,821,618
CKlasse_Bilderreihe 3_P_IMG_9580_original.jpg,CKlasse_Bilderreihe 3_P_IMG_9580_original_roi_00.jpg,512,494,332957
CKlasse_Bilderreihe 3_P_IMG_9580_original.jpg,CKlasse_Bilderreihe 3_P_IMG_9580_original_roi_01.jpg,879,807,1859
CKlasse_Bilderreihe 3_P_IMG_9580_original.jpg,CKlasse_Bilderreihe 3_P_IMG_9580_original_roi_02.jpg,787,100,1563
CKlasse_Bilderreihe 3_P_IMG_9580_original.jpg,CKlasse_Bilderreihe 3_P_IMG_9580_original_roi_03.jpg,843,855,1115
CKlasse_Bilderreihe 3_P_IMG_9580_original.jpg,CKlasse_Bilderreihe 3_P_IMG_9580_original_roi_04.jpg,1003,848,657
CKlasse_Bilderreihe 4_P_IMG_9597_contrast.jpg,CKlasse_Bilderreihe 4_P_IMG_9597_contrast_roi_00.jpg,512,156,209102
CKlasse_Bilderreihe 4_P_IMG_9597_contrast.jpg,CKlasse_Bilderreihe 4_P_IMG_9597_contrast_roi_01.jpg,512,638,42883
CKlasse_Bilderreihe 4_P_IMG_9597_contrast.jpg,CKlasse_Bilderreihe 4_P_IMG_9597_contrast_roi_02.jpg,248,851,17879
CKlasse_Bilderreihe 4_P_IMG_9597_contrast.jpg,CKlasse_Bilderreihe 4_P_IMG_9597_contrast_roi_03.jpg,864,872,7615
CKlasse_Bilderreihe 4_P_IMG_9597_contrast.jpg,CKlasse_Bilderreihe 4_P_IMG_9597_contrast_roi_04.jpg,738,956,6698
CKlasse_Bilderreihe 4_P_IMG_9597_contrast.jpg,CKlasse_Bilderreihe 4_P_IMG_9597_contrast_roi_05.jpg,450,529,6553
CKlasse_Bilderreihe 2_P_IMG_9373_rot-7.jpg,CKlasse_Bilderreihe 2_P_IMG_9373_rot-7_roi_00.jpg,512,157,204144
CKlasse_Bilderreihe 2_P_IMG_9373_rot-7.jpg,CKlasse_Bilderreihe 2_P_IMG_9373_rot-7_roi_01.jpg,830,290,22830
CKlasse_Bilderreihe 2_P_IMG_9373_rot-7.jpg,CKlasse_Bilderreihe 2_P_IMG_9373_rot-7_roi_02.jpg,375,709,6292
CKlasse_Bilderreihe 2_P_IMG_9373_rot-7.jpg,CKlasse_Bilderreihe 2_P_IMG_9373_rot-7_roi_03.jpg,473,598,5227
CKlasse_Bilderreihe 2_P_IMG_9373_rot-7.jpg,CKlasse_Bilderreihe 2_P_IMG_9373_rot-7_roi_04.jpg,831,666,3272
CKlasse_Bilderreihe 2_P_IMG_9373_rot-7.jpg,CKlasse_Bilderreihe 2_P_IMG_9373_rot-7_roi_05.jpg,573,934,2172
CKlasse_Bilderreihe 2_P_IMG_9373_rot-7.jpg,CKlasse_Bilderreihe 2_P_IMG_9373_rot-7_roi_06.jpg,845,846,748
CKlasse_Bilderreihe 2_P_IMG_9373_rot-7.jpg,CKlasse_Bilderreihe 2_P_IMG_9373_rot-7_roi_07.jpg,22,643,735
CKlasse_Bilderreihe 2_P_IMG_9373_rot-7.jpg,CKlasse_Bilderreihe 2_P_IMG_9373_rot-7_roi_08.jpg,493,243,632
CKlasse_Bilderreihe 2_P_IMG_9373_rot-7.jpg,CKlasse_Bilderreihe 2_P_IMG_9373_rot-7_roi_09.jpg,227,800,621
CKlasse_Bilderreihe 3_P_IMG_9568_rot14.jpg,CKlasse_Bilderreihe 3_P_IMG_9568_rot14_roi_00.jpg,450,405,160366
CKlasse_Bilderreihe 3_P_IMG_9568_rot14.jpg,CKlasse_Bilderreihe 3_P_IMG_9568_rot14_roi_01.jpg,175,124,46016
CKlasse_Bilderreihe 3_P_IMG_9568_rot14.jpg,CKlasse_Bilderreihe 3_P_IMG_9568_rot14_roi_02.jpg,448,969,39448
CKlasse_Bilderreihe 3_P_IMG_9568_rot14.jpg,CKlasse_Bilderreihe 3_P_IMG_9568_rot14_roi_03.jpg,925,737,35749
CKlasse_Bilderreihe 3_P_IMG_9568_rot14.jpg,CKlasse_Bilderreihe 3_P_IMG_9568_rot14_roi_04.jpg,34,983,3658
CKlasse_Bilderreihe 3_P_IMG_9572_contrast.jpg,CKlasse_Bilderreihe 3_P_IMG_9572_contrast_roi_00.jpg,512,458,644983
CKlasse_Bilderreihe 3_P_IMG_9544_rot9.jpg,CKlasse_Bilderreihe 3_P_IMG_9544_rot9_roi_00.jpg,555,594,201496
CKlasse_Bilderreihe 3_P_IMG_9544_rot9.jpg,CKlasse_Bilderreihe 3_P_IMG_9544_rot9_roi_01.jpg,765,218,923
CKlasse_Bilderreihe 3_P_IMG_9544_rot9.jpg,CKlasse_Bilderreihe 3_P_IMG_9544_rot9_roi_02.jpg,338,21,551
CKlasse_Bilderreihe 2_P_IMG_9440_contrast.jpg,CKlasse_Bilderreihe 2_P_IMG_9440_contrast_roi_00.jpg,512,512,586727
CKlasse_Bilderreihe 2_P_IMG_9440_contrast.jpg,CKlasse_Bilderreihe 2_P_IMG_9440_contrast_roi_01.jpg,741,398,8420
CKlasse_Bilderreihe 2_P_IMG_9440_contrast.jpg,CKlasse_Bilderreihe 2_P_IMG_9440_contrast_roi_02.jpg,523,511,6427
CKlasse_Bilderreihe 2_P_IMG_9440_contrast.jpg,CKlasse_Bilderreihe 2_P_IMG_9440_contrast_roi_03.jpg,192,273,1240
CKlasse_Bilderreihe 2_P_IMG_9440_contrast.jpg,CKlasse_Bilderreihe 2_P_IMG_9440_contrast_roi_04.jpg,280,211,1153
CKlasse_Bilderreihe 2_P_IMG_9440_contrast.jpg,CKlasse_Bilderreihe 2_P_IMG_9440_contrast_roi_05.jpg,17,532,1081
20251213_125143_075.jpg,20251213_125143_075_roi_00.jpg,2000,1500,3620388
20251213_125143_075.jpg,20251213_125143_075_roi_01.jpg,2352,2350,182298
20251213_125143_075.jpg,20251213_125143_075_roi_02.jpg,3460,2396,51476
20251213_125143_075.jpg,20251213_125143_075_roi_03.jpg,1468,1838,47539
20251213_125143_075.jpg,20251213_125143_075_roi_04.jpg,2004,1947,41090
20251213_125143_075.jpg,20251213_125143_075_roi_05.jpg,3819,1596,24163
20251213_125143_075.jpg,20251213_125143_075_roi_06.jpg,2379,599,16746
20251213_125143_075.jpg,20251213_125143_075_roi_07.jpg,3199,766,14312
20251213_125143_075.jpg,20251213_125143_075_roi_08.jpg,3940,2905,10437
20251213_125143_075.jpg,20251213_125143_075_roi_09.jpg,93,917,10297
20251213_125143_075.jpg,20251213_125143_075_roi_10.jpg,1886,1267,5565
20251213_125143_075.jpg,20251213_125143_075_roi_11.jpg,2270,2763,2676
20251213_125143_075.jpg,20251213_125143_075_roi_12.jpg,1098,1715,2662
20251213_125143_075.jpg,20251213_125143_075_roi_13.jpg,2365,1585,2467
20251213_125143_075.jpg,20251213_125143_075_roi_14.jpg,2736,1730,2441
20251213_125143_075.jpg,20251213_125143_075_roi_15.jpg,1600,1715,1910
20251213_125143_075.jpg,20251213_125143_075_roi_16.jpg,1104,1620,1651
20251213_125143_075.jpg,20251213_125143_075_roi_17.jpg,3976,2745,1621
20251213_125143_075.jpg,20251213_125143_075_roi_18.jpg,2713,607,1361
20251213_125143_075.jpg,20251213_125143_075_roi_19.jpg,1677,2025,1167
20251213_125143_075.jpg,20251213_125143_075_roi_20.jpg,1460,1000,1047
20251213_125143_075.jpg,20251213_125143_075_roi_21.jpg,2719,1562,1033
20251213_125143_075.jpg,20251213_125143_075_roi_22.jpg,785,1365,897
20251213_125143_075.jpg,20251213_125143_075_roi_23.jpg,1673,947,896
20251213_125143_075.jpg,20251213_125143_075_roi_24.jpg,27,183,849
CKlasse_Bilderreihe 3_P_IMG_9585_contrast.jpg,CKlasse_Bilderreihe 3_P_IMG_9585_contrast_roi_00.jpg,483,306,246675
CKlasse_Bilderreihe 3_P_IMG_9585_contrast.jpg,CKlasse_Bilderreihe 3_P_IMG_9585_contrast_roi_01.jpg,657,697,178655
CKlasse_Bilderreihe 3_P_IMG_9585_contrast.jpg,CKlasse_Bilderreihe 3_P_IMG_9585_contrast_roi_02.jpg,806,245,46538
CKlasse_Bilderreihe 3_P_IMG_9585_contrast.jpg,CKlasse_Bilderreihe 3_P_IMG_9585_contrast_roi_03.jpg,250,875,25555
CKlasse_Bilderreihe 3_P_IMG_9585_contrast.jpg,CKlasse_Bilderreihe 3_P_IMG_9585_contrast_roi_04.jpg,59,934,6861
CKlasse_Bilderreihe 3_P_IMG_9585_contrast.jpg,CKlasse_Bilderreihe 3_P_IMG_9585_contrast_roi_05.jpg,985,767,722
CKlasse_Bilderreihe 3_P_IMG_9578_bright.jpg,CKlasse_Bilderreihe 3_P_IMG_9578_bright_roi_00.jpg,512,265,303379
CKlasse_Bilderreihe 3_P_IMG_9578_bright.jpg,CKlasse_Bilderreihe 3_P_IMG_9578_bright_roi_01.jpg,512,619,253755
CKlasse_Bilderreihe 3_P_IMG_9578_bright.jpg,CKlasse_Bilderreihe 3_P_IMG_9578_bright_roi_02.jpg,461,556,56921
CKlasse_Bilderreihe 3_P_IMG_9578_bright.jpg,CKlasse_Bilderreihe 3_P_IMG_9578_bright_roi_03.jpg,665,285,17314
CKlasse_Bilderreihe 3_P_IMG_9578_bright.jpg,CKlasse_Bilderreihe 3_P_IMG_9578_bright_roi_04.jpg,895,263,3240
CKlasse_Bilderreihe 2_P_IMG_9452_original.jpg,CKlasse_Bilderreihe 2_P_IMG_9452_original_roi_00.jpg,512,779,23676
CKlasse_Bilderreihe 2_P_IMG_9452_original.jpg,CKlasse_Bilderreihe 2_P_IMG_9452_original_roi_01.jpg,873,131,16492
CKlasse_Bilderreihe 2_P_IMG_9452_original.jpg,CKlasse_Bilderreihe 2_P_IMG_9452_original_roi_02.jpg,544,583,9715
CKlasse_Bilderreihe 2_P_IMG_9452_original.jpg,CKlasse_Bilderreihe 2_P_IMG_9452_original_roi_03.jpg,408,623,8894
CKlasse_Bilderreihe 2_P_IMG_9452_original.jpg,CKlasse_Bilderreihe 2_P_IMG_9452_original_roi_04.jpg,408,13,6612
CKlasse_Bilderreihe 2_P_IMG_9452_original.jpg,CKlasse_Bilderreihe 2_P_IMG_9452_original_roi_05.jpg,496,998,2004
CKlasse_Bilderreihe 2_P_IMG_9452_original.jpg,CKlasse_Bilderreihe 2_P_IMG_9452_original_roi_06.jpg,1001,931,1638
CKlasse_Bilderreihe 2_P_IMG_9452_original.jpg,CKlasse_Bilderreihe 2_P_IMG_9452_original_roi_07.jpg,610,294,714
CKlasse_Bilderreihe 2_P_IMG_9452_original.jpg,CKlasse_Bilderreihe 2_P_IMG_9452_original_roi_08.jpg,453,737,558
CKlasse_Bilderreihe 4_P_IMG_9599_bright.jpg,CKlasse_Bilderreihe 4_P_IMG_9599_bright_roi_00.jpg,719,127,102295
CKlasse_Bilderreihe 4_P_IMG_9599_bright.jpg,CKlasse_Bilderreihe 4_P_IMG_9599_bright_roi_01.jpg,674,893,35235
CKlasse_Bilderreihe 4_P_IMG_9599_bright.jpg,CKlasse_Bilderreihe 4_P_IMG_9599_bright_roi_02.jpg,106,901,7215
CKlasse_Bilderreihe 4_P_IMG_9599_bright.jpg,CKlasse_Bilderreihe 4_P_IMG_9599_bright_roi_03.jpg,457,567,5017
CKlasse_Bilderreihe 4_P_IMG_9599_bright.jpg,CKlasse_Bilderreihe 4_P_IMG_9599_bright_roi_04.jpg,349,42,3040
CKlasse_Bilderreihe 4_P_IMG_9599_bright.jpg,CKlasse_Bilderreihe 4_P_IMG_9599_bright_roi_05.jpg,344,959,1787
CKlasse_Bilderreihe 4_P_IMG_9599_bright.jpg,CKlasse_Bilderreihe 4_P_IMG_9599_bright_roi_06.jpg,163,721,1063
CKlasse_Bilderreihe 4_P_IMG_9594_bright.jpg,CKlasse_Bilderreihe 4_P_IMG_9594_bright_roi_00.jpg,512,512,285757
CKlasse_Bilderreihe 4_P_IMG_9594_bright.jpg,CKlasse_Bilderreihe 4_P_IMG_9594_bright_roi_01.jpg,571,551,6154
CKlasse_Bilderreihe 4_P_IMG_9594_bright.jpg,CKlasse_Bilderreihe 4_P_IMG_9594_bright_roi_02.jpg,1007,493,1226
CKlasse_Bilderreihe 4_P_IMG_9594_bright.jpg,CKlasse_Bilderreihe 4_P_IMG_9594_bright_roi_03.jpg,949,888,554
CKlasse_Bilderreihe 3_P_IMG_9545_bright.jpg,CKlasse_Bilderreihe 3_P_IMG_9545_bright_roi_00.jpg,647,610,351542
CKlasse_Bilderreihe 3_P_IMG_9545_bright.jpg,CKlasse_Bilderreihe 3_P_IMG_9545_bright_roi_01.jpg,673,185,85935
CKlasse_Bilderreihe 3_P_IMG_9545_bright.jpg,CKlasse_Bilderreihe 3_P_IMG_9545_bright_roi_02.jpg,199,231,81512
CKlasse_Bilderreihe 3_P_IMG_9545_bright.jpg,CKlasse_Bilderreihe 3_P_IMG_9545_bright_roi_03.jpg,998,201,1684
CKlasse_Bilderreihe 3_P_IMG_9551_original.jpg,CKlasse_Bilderreihe 3_P_IMG_9551_original_roi_00.jpg,512,198,144485
CKlasse_Bilderreihe 3_P_IMG_9551_original.jpg,CKlasse_Bilderreihe 3_P_IMG_9551_original_roi_01.jpg,512,604,117659
CKlasse_Bilderreihe 3_P_IMG_9551_original.jpg,CKlasse_Bilderreihe 3_P_IMG_9551_original_roi_02.jpg,915,942,17034
CKlasse_Bilderreihe 3_P_IMG_9551_original.jpg,CKlasse_Bilderreihe 3_P_IMG_9551_original_roi_03.jpg,497,527,12275
CKlasse_Bilderreihe 3_P_IMG_9551_original.jpg,CKlasse_Bilderreihe 3_P_IMG_9551_original_roi_04.jpg,899,607,11519
CKlasse_Bilderreihe 3_P_IMG_9551_original.jpg,CKlasse_Bilderreihe 3_P_IMG_9551_original_roi_05.jpg,334,279,874
CKlasse_Bilderreihe 3_P_IMG_9551_original.jpg,CKlasse_Bilderreihe 3_P_IMG_9551_original_roi_06.jpg,822,873,708
CKlasse_Bilderreihe 2_P_IMG_9449_bright.jpg,CKlasse_Bilderreihe 2_P_IMG_9449_bright_roi_00.jpg,512,358,336597
CKlasse_Bilderreihe 2_P_IMG_9449_bright.jpg,CKlasse_Bilderreihe 2_P_IMG_9449_bright_roi_01.jpg,412,829,89644
CKlasse_Bilderreihe 2_P_IMG_9449_bright.jpg,CKlasse_Bilderreihe 2_P_IMG_9449_bright_roi_02.jpg,835,779,48733
CKlasse_Bilderreihe 2_P_IMG_9449_bright.jpg,CKlasse_Bilderreihe 2_P_IMG_9449_bright_roi_03.jpg,853,527,33393
CKlasse_Bilderreihe 2_P_IMG_9449_bright.jpg,CKlasse_Bilderreihe 2_P_IMG_9449_bright_roi_04.jpg,503,441,15642
CKlasse_Bilderreihe 2_P_IMG_9449_bright.jpg,CKlasse_Bilderreihe 2_P_IMG_9449_bright_roi_05.jpg,71,31,3747
CKlasse_Bilderreihe 2_P_IMG_9449_bright.jpg,CKlasse_Bilderreihe 2_P_IMG_9449_bright_roi_06.jpg,298,539,3411
CKlasse_Bilderreihe 2_P_IMG_9449_bright.jpg,CKlasse_Bilderreihe 2_P_IMG_9449_bright_roi_07.jpg,379,607,2712
CKlasse_Bilderreihe 2_P_IMG_9449_bright.jpg,CKlasse_Bilderreihe 2_P_IMG_9449_bright_roi_08.jpg,50,103,1607
20251213_125143_027.jpg,20251213_125143_027_roi_00.jpg,1731,1500,1753094
20251213_125143_027.jpg,20251213_125143_027_roi_01.jpg,3231,1500,885305
20251213_125143_027.jpg,20251213_125143_027_roi_02.jpg,1802,1631,236280
20251213_125143_027.jpg,20251213_125143_027_roi_03.jpg,2394,2349,169306
20251213_125143_027.jpg,20251213_125143_027_roi_04.jpg,3885,795,161793
20251213_125143_027.jpg,20251213_125143_027_roi_05.jpg,1530,1878,53654
20251213_125143_027.jpg,20251213_125143_027_roi_06.jpg,2006,1977,42563
20251213_125143_027.jpg,20251213_125143_027_roi_07.jpg,3917,2622,36130
20251213_125143_027.jpg,20251213_125143_027_roi_08.jpg,3643,1404,28642
20251213_125143_027.jpg,20251213_125143_027_roi_09.jpg,3017,685,16666
20251213_125143_027.jpg,20251213_125143_027_roi_10.jpg,1039,1534,15149
20251213_125143_027.jpg,20251213_125143_027_roi_11.jpg,784,1542,14036
20251213_125143_027.jpg,20251213_125143_027_roi_12.jpg,56,215,12758
20251213_125143_027.jpg,20251213_125143_027_roi_13.jpg,1028,1810,9204
20251213_125143_027.jpg,20251213_125143_027_roi_14.jpg,2194,524,6347
20251213_125143_027.jpg,20251213_125143_027_roi_15.jpg,1780,1289,6065
20251213_125143_027.jpg,20251213_125143_027_roi_16.jpg,1058,1675,4695
20251213_125143_027.jpg,20251213_125143_027_roi_17.jpg,1800,673,3651
20251213_125143_027.jpg,20251213_125143_027_roi_18.jpg,2554,1494,3177
20251213_125143_027.jpg,20251213_125143_027_roi_19.jpg,1277,895,3173
20251213_125143_027.jpg,20251213_125143_027_roi_20.jpg,2670,1648,2864
20251213_125143_027.jpg,20251213_125143_027_roi_21.jpg,947,1225,2794
20251213_125143_027.jpg,20251213_125143_027_roi_22.jpg,1409,802,2525
20251213_125143_027.jpg,20251213_125143_027_roi_23.jpg,2293,1553,2444
20251213_125143_027.jpg,20251213_125143_027_roi_24.jpg,2366,2757,2341
CKlasse_Bilderreihe 2_P_IMG_9445_rot-6.jpg,CKlasse_Bilderreihe 2_P_IMG_9445_rot-6_roi_00.jpg,545,849,31359
CKlasse_Bilderreihe 2_P_IMG_9445_rot-6.jpg,CKlasse_Bilderreihe 2_P_IMG_9445_rot-6_roi_01.jpg,493,637,24485
CKlasse_Bilderreihe 2_P_IMG_9445_rot-6.jpg,CKlasse_Bilderreihe 2_P_IMG_9445_rot-6_roi_02.jpg,919,749,18021
CKlasse_Bilderreihe 2_P_IMG_9445_rot-6.jpg,CKlasse_Bilderreihe 2_P_IMG_9445_rot-6_roi_03.jpg,330,527,9680
CKlasse_Bilderreihe 2_P_IMG_9445_rot-6.jpg,CKlasse_Bilderreihe 2_P_IMG_9445_rot-6_roi_04.jpg,785,181,7971
CKlasse_Bilderreihe 2_P_IMG_9445_rot-6.jpg,CKlasse_Bilderreihe 2_P_IMG_9445_rot-6_roi_05.jpg,1001,616,1605
CKlasse_Bilderreihe 2_P_IMG_9445_rot-6.jpg,CKlasse_Bilderreihe 2_P_IMG_9445_rot-6_roi_06.jpg,622,259,905
CKlasse_Bilderreihe 2_P_IMG_9445_rot-6.jpg,CKlasse_Bilderreihe 2_P_IMG_9445_rot-6_roi_07.jpg,358,200,523
CKlasse_Bilderreihe 2_P_IMG_9413_original.jpg,CKlasse_Bilderreihe 2_P_IMG_9413_original_roi_00.jpg,484,230,164880
CKlasse_Bilderreihe 2_P_IMG_9413_original.jpg,CKlasse_Bilderreihe 2_P_IMG_9413_original_roi_01.jpg,897,432,22664
CKlasse_Bilderreihe 2_P_IMG_9413_original.jpg,CKlasse_Bilderreihe 2_P_IMG_9413_original_roi_02.jpg,478,658,8956
CKlasse_Bilderreihe 2_P_IMG_9413_original.jpg,CKlasse_Bilderreihe 2_P_IMG_9413_original_roi_03.jpg,449,314,6950
CKlasse_Bilderreihe 2_P_IMG_9413_original.jpg,CKlasse_Bilderreihe 2_P_IMG_9413_original_roi_04.jpg,700,757,6366
CKlasse_Bilderreihe 2_P_IMG_9413_original.jpg,CKlasse_Bilderreihe 2_P_IMG_9413_original_roi_05.jpg,802,866,3062
CKlasse_Bilderreihe 2_P_IMG_9413_original.jpg,CKlasse_Bilderreihe 2_P_IMG_9413_original_roi_06.jpg,995,613,2137
CKlasse_Bilderreihe 2_P_IMG_9413_original.jpg,CKlasse_Bilderreihe 2_P_IMG_9413_original_roi_07.jpg,966,674,1250
CKlasse_Bilderreihe 2_P_IMG_9413_original.jpg,CKlasse_Bilderreihe 2_P_IMG_9413_original_roi_08.jpg,574,224,632
CKlasse_Bilderreihe 2_P_IMG_9413_original.jpg,CKlasse_Bilderreihe 2_P_IMG_9413_original_roi_09.jpg,1005,997,530
CKlasse_Bilderreihe 2_P_IMG_9351_original.jpg,CKlasse_Bilderreihe 2_P_IMG_9351_original_roi_00.jpg,512,234,306224
CKlasse_Bilderreihe 2_P_IMG_9351_original.jpg,CKlasse_Bilderreihe 2_P_IMG_9351_original_roi_01.jpg,725,376,36440
CKlasse_Bilderreihe 2_P_IMG_9351_original.jpg,CKlasse_Bilderreihe 2_P_IMG_9351_original_roi_02.jpg,175,807,28249
CKlasse_Bilderreihe 2_P_IMG_9351_original.jpg,CKlasse_Bilderreihe 2_P_IMG_9351_original_roi_03.jpg,405,659,7151
CKlasse_Bilderreihe 2_P_IMG_9351_original.jpg,CKlasse_Bilderreihe 2_P_IMG_9351_original_roi_04.jpg,777,594,4409
CKlasse_Bilderreihe 2_P_IMG_9351_original.jpg,CKlasse_Bilderreihe 2_P_IMG_9351_original_roi_05.jpg,969,770,3957
CKlasse_Bilderreihe 2_P_IMG_9351_original.jpg,CKlasse_Bilderreihe 2_P_IMG_9351_original_roi_06.jpg,559,896,2408
CKlasse_Bilderreihe 2_P_IMG_9351_original.jpg,CKlasse_Bilderreihe 2_P_IMG_9351_original_roi_07.jpg,757,760,1207
CKlasse_Bilderreihe 2_P_IMG_9351_original.jpg,CKlasse_Bilderreihe 2_P_IMG_9351_original_roi_08.jpg,14,963,690
CKlasse_Bilderreihe 3_P_IMG_9548_dark.jpg,CKlasse_Bilderreihe 3_P_IMG_9548_dark_roi_00.jpg,821,640,52205
CKlasse_Bilderreihe 3_P_IMG_9548_dark.jpg,CKlasse_Bilderreihe 3_P_IMG_9548_dark_roi_01.jpg,459,36,43256
CKlasse_Bilderreihe 3_P_IMG_9548_dark.jpg,CKlasse_Bilderreihe 3_P_IMG_9548_dark_roi_02.jpg,612,471,8202
CKlasse_Bilderreihe 3_P_IMG_9548_dark.jpg,CKlasse_Bilderreihe 3_P_IMG_9548_dark_roi_03.jpg,482,198,6323
CKlasse_Bilderreihe 3_P_IMG_9548_dark.jpg,CKlasse_Bilderreihe 3_P_IMG_9548_dark_roi_04.jpg,694,170,3041
CKlasse_Bilderreihe 3_P_IMG_9548_dark.jpg,CKlasse_Bilderreihe 3_P_IMG_9548_dark_roi_05.jpg,93,281,2258
CKlasse_Bilderreihe 3_P_IMG_9548_dark.jpg,CKlasse_Bilderreihe 3_P_IMG_9548_dark_roi_06.jpg,287,230,1450
CKlasse_Bilderreihe 3_P_IMG_9548_dark.jpg,CKlasse_Bilderreihe 3_P_IMG_9548_dark_roi_07.jpg,164,244,1142
CKlasse_Bilderreihe 3_P_IMG_9548_dark.jpg,CKlasse_Bilderreihe 3_P_IMG_9548_dark_roi_08.jpg,1005,51,998
CKlasse_Bilderreihe 3_P_IMG_9540_dark.jpg,CKlasse_Bilderreihe 3_P_IMG_9540_dark_roi_00.jpg,292,162,68020
CKlasse_Bilderreihe 3_P_IMG_9540_dark.jpg,CKlasse_Bilderreihe 3_P_IMG_9540_dark_roi_01.jpg,823,423,29518
CKlasse_Bilderreihe 3_P_IMG_9540_dark.jpg,CKlasse_Bilderreihe 3_P_IMG_9540_dark_roi_02.jpg,490,931,29171
CKlasse_Bilderreihe 3_P_IMG_9540_dark.jpg,CKlasse_Bilderreihe 3_P_IMG_9540_dark_roi_03.jpg,466,649,11105
CKlasse_Bilderreihe 3_P_IMG_9540_dark.jpg,CKlasse_Bilderreihe 3_P_IMG_9540_dark_roi_04.jpg,945,546,9467
CKlasse_Bilderreihe 3_P_IMG_9540_dark.jpg,CKlasse_Bilderreihe 3_P_IMG_9540_dark_roi_05.jpg,787,807,4932
CKlasse_Bilderreihe 3_P_IMG_9540_dark.jpg,CKlasse_Bilderreihe 3_P_IMG_9540_dark_roi_06.jpg,412,562,1919
CKlasse_Bilderreihe 3_P_IMG_9542_rot-15.jpg,CKlasse_Bilderreihe 3_P_IMG_9542_rot-15_roi_00.jpg,562,429,107000
CKlasse_Bilderreihe 3_P_IMG_9542_rot-15.jpg,CKlasse_Bilderreihe 3_P_IMG_9542_rot-15_roi_01.jpg,455,155,29059
CKlasse_Bilderreihe 3_P_IMG_9542_rot-15.jpg,CKlasse_Bilderreihe 3_P_IMG_9542_rot-15_roi_02.jpg,122,81,22411
CKlasse_Bilderreihe 3_P_IMG_9542_rot-15.jpg,CKlasse_Bilderreihe 3_P_IMG_9542_rot-15_roi_03.jpg,321,968,15271
CKlasse_Bilderreihe 3_P_IMG_9542_rot-15.jpg,CKlasse_Bilderreihe 3_P_IMG_9542_rot-15_roi_04.jpg,697,29,3084
CKlasse_Bilderreihe 2_P_IMG_9444_bright.jpg,CKlasse_Bilderreihe 2_P_IMG_9444_bright_roi_00.jpg,372,649,90382
CKlasse_Bilderreihe 2_P_IMG_9444_bright.jpg,CKlasse_Bilderreihe 2_P_IMG_9444_bright_roi_01.jpg,274,278,86654
CKlasse_Bilderreihe 2_P_IMG_9444_bright.jpg,CKlasse_Bilderreihe 2_P_IMG_9444_bright_roi_02.jpg,877,673,74746
CKlasse_Bilderreihe 2_P_IMG_9444_bright.jpg,CKlasse_Bilderreihe 2_P_IMG_9444_bright_roi_03.jpg,737,173,38174
CKlasse_Bilderreihe 2_P_IMG_9444_bright.jpg,CKlasse_Bilderreihe 2_P_IMG_9444_bright_roi_04.jpg,217,820,27051
CKlasse_Bilderreihe 2_P_IMG_9444_bright.jpg,CKlasse_Bilderreihe 2_P_IMG_9444_bright_roi_05.jpg,977,35,4728
CKlasse_Bilderreihe 2_P_IMG_9444_bright.jpg,CKlasse_Bilderreihe 2_P_IMG_9444_bright_roi_06.jpg,127,929,2587
CKlasse_Bilderreihe 2_P_IMG_9444_bright.jpg,CKlasse_Bilderreihe 2_P_IMG_9444_bright_roi_07.jpg,240,67,2351
CKlasse_Bilderreihe 2_P_IMG_9444_bright.jpg,CKlasse_Bilderreihe 2_P_IMG_9444_bright_roi_08.jpg,709,493,1191
CKlasse_Bilderreihe 4_P_IMG_9590_rot-14.jpg,CKlasse_Bilderreihe 4_P_IMG_9590_rot-14_roi_00.jpg,429,627,225136
CKlasse_Bilderreihe 4_P_IMG_9622_rot-12.jpg,CKlasse_Bilderreihe 4_P_IMG_9622_rot-12_roi_00.jpg,116,841,35696
CKlasse_Bilderreihe 4_P_IMG_9622_rot-12.jpg,CKlasse_Bilderreihe 4_P_IMG_9622_rot-12_roi_01.jpg,902,224,31730
CKlasse_Bilderreihe 4_P_IMG_9622_rot-12.jpg,CKlasse_Bilderreihe 4_P_IMG_9622_rot-12_roi_02.jpg,492,590,14888
CKlasse_Bilderreihe 4_P_IMG_9622_rot-12.jpg,CKlasse_Bilderreihe 4_P_IMG_9622_rot-12_roi_03.jpg,964,36,4301
CKlasse_Bilderreihe 4_P_IMG_9622_rot-12.jpg,CKlasse_Bilderreihe 4_P_IMG_9622_rot-12_roi_04.jpg,615,962,556
CKlasse_Bilderreihe 4_P_IMG_9594_rot-8.jpg,CKlasse_Bilderreihe 4_P_IMG_9594_rot-8_roi_00.jpg,458,306,137524
CKlasse_Bilderreihe 4_P_IMG_9594_rot-8.jpg,CKlasse_Bilderreihe 4_P_IMG_9594_rot-8_roi_01.jpg,559,560,5609
CKlasse_Bilderreihe 4_P_IMG_9594_rot-8.jpg,CKlasse_Bilderreihe 4_P_IMG_9594_rot-8_roi_02.jpg,975,215,5566
CKlasse_Bilderreihe 4_P_IMG_9594_rot-8.jpg,CKlasse_Bilderreihe 4_P_IMG_9594_rot-8_roi_03.jpg,848,831,819
CKlasse_Bilderreihe 2_P_IMG_9449_rot-6.jpg,CKlasse_Bilderreihe 2_P_IMG_9449_rot-6_roi_00.jpg,512,380,128518
CKlasse_Bilderreihe 2_P_IMG_9449_rot-6.jpg,CKlasse_Bilderreihe 2_P_IMG_9449_rot-6_roi_01.jpg,423,858,36728
CKlasse_Bilderreihe 2_P_IMG_9449_rot-6.jpg,CKlasse_Bilderreihe 2_P_IMG_9449_rot-6_roi_02.jpg,890,93,32607
CKlasse_Bilderreihe 2_P_IMG_9449_rot-6.jpg,CKlasse_Bilderreihe 2_P_IMG_9449_rot-6_roi_03.jpg,538,105,30587
CKlasse_Bilderreihe 2_P_IMG_9449_rot-6.jpg,CKlasse_Bilderreihe 2_P_IMG_9449_rot-6_roi_04.jpg,829,784,29086
CKlasse_Bilderreihe 2_P_IMG_9449_rot-6.jpg,CKlasse_Bilderreihe 2_P_IMG_9449_rot-6_roi_05.jpg,589,477,3606
CKlasse_Bilderreihe 2_P_IMG_9449_rot-6.jpg,CKlasse_Bilderreihe 2_P_IMG_9449_rot-6_roi_06.jpg,282,896,3002
CKlasse_Bilderreihe 2_P_IMG_9449_rot-6.jpg,CKlasse_Bilderreihe 2_P_IMG_9449_rot-6_roi_07.jpg,928,582,1242
CKlasse_Bilderreihe 2_P_IMG_9449_rot-6.jpg,CKlasse_Bilderreihe 2_P_IMG_9449_rot-6_roi_08.jpg,374,591,1101
CKlasse_Bilderreihe 2_P_IMG_9445_bright.jpg,CKlasse_Bilderreihe 2_P_IMG_9445_bright_roi_00.jpg,617,477,379745
CKlasse_Bilderreihe 2_P_IMG_9445_bright.jpg,CKlasse_Bilderreihe 2_P_IMG_9445_bright_roi_01.jpg,923,711,19949
CKlasse_Bilderreihe 2_P_IMG_9445_bright.jpg,CKlasse_Bilderreihe 2_P_IMG_9445_bright_roi_02.jpg,749,158,10799
CKlasse_Bilderreihe 2_P_IMG_9445_bright.jpg,CKlasse_Bilderreihe 2_P_IMG_9445_bright_roi_03.jpg,64,568,8752
CKlasse_Bilderreihe 2_P_IMG_9445_bright.jpg,CKlasse_Bilderreihe 2_P_IMG_9445_bright_roi_04.jpg,170,541,1545
CKlasse_Bilderreihe 2_P_IMG_9445_bright.jpg,CKlasse_Bilderreihe 2_P_IMG_9445_bright_roi_05.jpg,132,740,1516
CKlasse_Bilderreihe 2_P_IMG_9445_bright.jpg,CKlasse_Bilderreihe 2_P_IMG_9445_bright_roi_06.jpg,182,203,1330
CKlasse_Bilderreihe 2_P_IMG_9445_bright.jpg,CKlasse_Bilderreihe 2_P_IMG_9445_bright_roi_07.jpg,222,805,500
CKlasse_Bilderreihe 3_P_IMG_9577_rot-7.jpg,CKlasse_Bilderreihe 3_P_IMG_9577_rot-7_roi_00.jpg,512,512,244497
CKlasse_Bilderreihe 3_P_IMG_9577_rot-7.jpg,CKlasse_Bilderreihe 3_P_IMG_9577_rot-7_roi_01.jpg,421,525,56799
CKlasse_Bilderreihe 3_P_IMG_9577_rot-7.jpg,CKlasse_Bilderreihe 3_P_IMG_9577_rot-7_roi_02.jpg,988,548,3421
CKlasse_Bilderreihe 3_P_IMG_9577_rot-7.jpg,CKlasse_Bilderreihe 3_P_IMG_9577_rot-7_roi_03.jpg,490,222,2287
CKlasse_Bilderreihe 3_P_IMG_9577_rot-7.jpg,CKlasse_Bilderreihe 3_P_IMG_9577_rot-7_roi_04.jpg,328,212,1787
CKlasse_Bilderreihe 3_P_IMG_9577_rot-7.jpg,CKlasse_Bilderreihe 3_P_IMG_9577_rot-7_roi_05.jpg,893,38,512
CKlasse_Bilderreihe 3_P_IMG_9561_contrast.jpg,CKlasse_Bilderreihe 3_P_IMG_9561_contrast_roi_00.jpg,512,512,678019
CKlasse_Bilderreihe 3_P_IMG_9561_contrast.jpg,CKlasse_Bilderreihe 3_P_IMG_9561_contrast_roi_01.jpg,69,201,12890
CKlasse_Bilderreihe 3_P_IMG_9561_contrast.jpg,CKlasse_Bilderreihe 3_P_IMG_9561_contrast_roi_02.jpg,723,672,552
CKlasse_Bilderreihe 2_P_IMG_9454_contrast.jpg,CKlasse_Bilderreihe 2_P_IMG_9454_contrast_roi_00.jpg,479,521,94282
CKlasse_Bilderreihe 2_P_IMG_9454_contrast.jpg,CKlasse_Bilderreihe 2_P_IMG_9454_contrast_roi_01.jpg,456,216,50697
CKlasse_Bilderreihe 2_P_IMG_9454_contrast.jpg,CKlasse_Bilderreihe 2_P_IMG_9454_contrast_roi_02.jpg,110,60,15281
CKlasse_Bilderreihe 2_P_IMG_9454_contrast.jpg,CKlasse_Bilderreihe 2_P_IMG_9454_contrast_roi_03.jpg,155,917,8791
CKlasse_Bilderreihe 2_P_IMG_9454_contrast.jpg,CKlasse_Bilderreihe 2_P_IMG_9454_contrast_roi_04.jpg,51,827,1413
CKlasse_Bilderreihe 2_P_IMG_9454_contrast.jpg,CKlasse_Bilderreihe 2_P_IMG_9454_contrast_roi_05.jpg,155,565,1296
CKlasse_Bilderreihe 2_P_IMG_9454_contrast.jpg,CKlasse_Bilderreihe 2_P_IMG_9454_contrast_roi_06.jpg,726,100,1163
CKlasse_Bilderreihe 2_P_IMG_9454_contrast.jpg,CKlasse_Bilderreihe 2_P_IMG_9454_contrast_roi_07.jpg,795,16,1013
CKlasse_Bilderreihe 2_P_IMG_9454_contrast.jpg,CKlasse_Bilderreihe 2_P_IMG_9454_contrast_roi_08.jpg,102,242,663
CKlasse_Bilderreihe 3_P_IMG_9554_bright.jpg,CKlasse_Bilderreihe 3_P_IMG_9554_bright_roi_00.jpg,606,703,287898
CKlasse_Bilderreihe 3_P_IMG_9554_bright.jpg,CKlasse_Bilderreihe 3_P_IMG_9554_bright_roi_01.jpg,452,179,59454
CKlasse_Bilderreihe 3_P_IMG_9554_bright.jpg,CKlasse_Bilderreihe 3_P_IMG_9554_bright_roi_02.jpg,925,965,15467
CKlasse_Bilderreihe 3_P_IMG_9554_bright.jpg,CKlasse_Bilderreihe 3_P_IMG_9554_bright_roi_03.jpg,923,368,5094
CKlasse_Bilderreihe 3_P_IMG_9554_bright.jpg,CKlasse_Bilderreihe 3_P_IMG_9554_bright_roi_04.jpg,7,463,713
CKlasse_Bilderreihe 3_P_IMG_9554_bright.jpg,CKlasse_Bilderreihe 3_P_IMG_9554_bright_roi_05.jpg,155,956,602
CKlasse_Bilderreihe 3_P_IMG_9554_bright.jpg,CKlasse_Bilderreihe 3_P_IMG_9554_bright_roi_06.jpg,14,21,529
CKlasse_Bilderreihe 2_P_IMG_9463_rot-8.jpg,CKlasse_Bilderreihe 2_P_IMG_9463_rot-8_roi_00.jpg,715,85,48298
CKlasse_Bilderreihe 2_P_IMG_9463_rot-8.jpg,CKlasse_Bilderreihe 2_P_IMG_9463_rot-8_roi_01.jpg,878,858,21107
CKlasse_Bilderreihe 2_P_IMG_9463_rot-8.jpg,CKlasse_Bilderreihe 2_P_IMG_9463_rot-8_roi_02.jpg,453,587,19853
CKlasse_Bilderreihe 2_P_IMG_9463_rot-8.jpg,CKlasse_Bilderreihe 2_P_IMG_9463_rot-8_roi_03.jpg,85,98,1891
CKlasse_Bilderreihe 2_P_IMG_9463_rot-8.jpg,CKlasse_Bilderreihe 2_P_IMG_9463_rot-8_roi_04.jpg,200,899,1658
CKlasse_Bilderreihe 2_P_IMG_9463_rot-8.jpg,CKlasse_Bilderreihe 2_P_IMG_9463_rot-8_roi_05.jpg,63,10,1199
CKlasse_Bilderreihe 2_P_IMG_9463_rot-8.jpg,CKlasse_Bilderreihe 2_P_IMG_9463_rot-8_roi_06.jpg,91,169,513
CKlasse_Bilderreihe 4_P_IMG_9623_original.jpg,CKlasse_Bilderreihe 4_P_IMG_9623_original_roi_00.jpg,711,810,101641
CKlasse_Bilderreihe 4_P_IMG_9618_contrast.jpg,CKlasse_Bilderreihe 4_P_IMG_9618_contrast_roi_00.jpg,489,512,199352
CKlasse_Bilderreihe 4_P_IMG_9618_contrast.jpg,CKlasse_Bilderreihe 4_P_IMG_9618_contrast_roi_01.jpg,868,293,4615
CKlasse_Bilderreihe 4_P_IMG_9618_contrast.jpg,CKlasse_Bilderreihe 4_P_IMG_9618_contrast_roi_02.jpg,468,415,2279
CKlasse_Bilderreihe 4_P_IMG_9618_contrast.jpg,CKlasse_Bilderreihe 4_P_IMG_9618_contrast_roi_03.jpg,427,978,571
CKlasse_Bilderreihe 2_P_IMG_9412_rot-14.jpg,CKlasse_Bilderreihe 2_P_IMG_9412_rot-14_roi_00.jpg,402,659,35939
CKlasse_Bilderreihe 2_P_IMG_9412_rot-14.jpg,CKlasse_Bilderreihe 2_P_IMG_9412_rot-14_roi_01.jpg,358,121,16731
CKlasse_Bilderreihe 2_P_IMG_9412_rot-14.jpg,CKlasse_Bilderreihe 2_P_IMG_9412_rot-14_roi_02.jpg,192,939,9619
CKlasse_Bilderreihe 2_P_IMG_9412_rot-14.jpg,CKlasse_Bilderreihe 2_P_IMG_9412_rot-14_roi_03.jpg,723,34,1236
CKlasse_Bilderreihe 2_P_IMG_9412_rot-14.jpg,CKlasse_Bilderreihe 2_P_IMG_9412_rot-14_roi_04.jpg,107,764,1171
CKlasse_Bilderreihe 2_P_IMG_9412_rot-14.jpg,CKlasse_Bilderreihe 2_P_IMG_9412_rot-14_roi_05.jpg,877,72,1062
CKlasse_Bilderreihe 4_P_IMG_9598_dark.jpg,CKlasse_Bilderreihe 4_P_IMG_9598_dark_roi_00.jpg,848,128,64832
CKlasse_Bilderreihe 4_P_IMG_9598_dark.jpg,CKlasse_Bilderreihe 4_P_IMG_9598_dark_roi_01.jpg,642,901,9879
CKlasse_Bilderreihe 4_P_IMG_9598_dark.jpg,CKlasse_Bilderreihe 4_P_IMG_9598_dark_roi_02.jpg,179,910,3133
CKlasse_Bilderreihe 4_P_IMG_9598_dark.jpg,CKlasse_Bilderreihe 4_P_IMG_9598_dark_roi_03.jpg,487,900,1819
CKlasse_Bilderreihe 2_P_IMG_9381_dark.jpg,CKlasse_Bilderreihe 2_P_IMG_9381_dark_roi_00.jpg,492,613,41284
CKlasse_Bilderreihe 2_P_IMG_9381_dark.jpg,CKlasse_Bilderreihe 2_P_IMG_9381_dark_roi_01.jpg,266,78,29029
CKlasse_Bilderreihe 2_P_IMG_9381_dark.jpg,CKlasse_Bilderreihe 2_P_IMG_9381_dark_roi_02.jpg,74,843,17537
CKlasse_Bilderreihe 2_P_IMG_9381_dark.jpg,CKlasse_Bilderreihe 2_P_IMG_9381_dark_roi_03.jpg,49,660,2918
CKlasse_Bilderreihe 2_P_IMG_9406_contrast.jpg,CKlasse_Bilderreihe 2_P_IMG_9406_contrast_roi_00.jpg,463,618,111596
CKlasse_Bilderreihe 2_P_IMG_9406_contrast.jpg,CKlasse_Bilderreihe 2_P_IMG_9406_contrast_roi_01.jpg,888,351,81416
CKlasse_Bilderreihe 2_P_IMG_9406_contrast.jpg,CKlasse_Bilderreihe 2_P_IMG_9406_contrast_roi_02.jpg,69,585,11211
CKlasse_Bilderreihe 2_P_IMG_9406_contrast.jpg,CKlasse_Bilderreihe 2_P_IMG_9406_contrast_roi_03.jpg,34,354,1676
CKlasse_Bilderreihe 2_P_IMG_9406_contrast.jpg,CKlasse_Bilderreihe 2_P_IMG_9406_contrast_roi_04.jpg,86,23,622
CKlasse_Bilderreihe 2_P_IMG_9438_contrast.jpg,CKlasse_Bilderreihe 2_P_IMG_9438_contrast_roi_00.jpg,512,429,463579
CKlasse_Bilderreihe 2_P_IMG_9438_contrast.jpg,CKlasse_Bilderreihe 2_P_IMG_9438_contrast_roi_01.jpg,834,936,39381
CKlasse_Bilderreihe 2_P_IMG_9438_contrast.jpg,CKlasse_Bilderreihe 2_P_IMG_9438_contrast_roi_02.jpg,294,884,9200
CKlasse_Bilderreihe 2_P_IMG_9438_contrast.jpg,CKlasse_Bilderreihe 2_P_IMG_9438_contrast_roi_03.jpg,955,212,6202
CKlasse_Bilderreihe 2_P_IMG_9438_contrast.jpg,CKlasse_Bilderreihe 2_P_IMG_9438_contrast_roi_04.jpg,604,341,3503
CKlasse_Bilderreihe 2_P_IMG_9438_contrast.jpg,CKlasse_Bilderreihe 2_P_IMG_9438_contrast_roi_05.jpg,422,350,2612
CKlasse_Bilderreihe 2_P_IMG_9438_contrast.jpg,CKlasse_Bilderreihe 2_P_IMG_9438_contrast_roi_06.jpg,718,389,814
CKlasse_Bilderreihe 2_P_IMG_9423_original.jpg,CKlasse_Bilderreihe 2_P_IMG_9423_original_roi_00.jpg,225,110,41971
CKlasse_Bilderreihe 2_P_IMG_9423_original.jpg,CKlasse_Bilderreihe 2_P_IMG_9423_original_roi_01.jpg,466,583,35661
CKlasse_Bilderreihe 2_P_IMG_9423_original.jpg,CKlasse_Bilderreihe 2_P_IMG_9423_original_roi_02.jpg,93,842,30193
CKlasse_Bilderreihe 2_P_IMG_9423_original.jpg,CKlasse_Bilderreihe 2_P_IMG_9423_original_roi_03.jpg,655,855,6060
CKlasse_Bilderreihe 2_P_IMG_9423_original.jpg,CKlasse_Bilderreihe 2_P_IMG_9423_original_roi_04.jpg,369,794,4452
CKlasse_Bilderreihe 2_P_IMG_9423_original.jpg,CKlasse_Bilderreihe 2_P_IMG_9423_original_roi_05.jpg,593,399,1202
CKlasse_Bilderreihe 2_P_IMG_9423_original.jpg,CKlasse_Bilderreihe 2_P_IMG_9423_original_roi_06.jpg,828,922,758
CKlasse_Bilderreihe 3_P_IMG_9543_rot-13.jpg,CKlasse_Bilderreihe 3_P_IMG_9543_rot-13_roi_00.jpg,568,698,152251
CKlasse_Bilderreihe 3_P_IMG_9543_rot-13.jpg,CKlasse_Bilderreihe 3_P_IMG_9543_rot-13_roi_01.jpg,814,506,32755
CKlasse_Bilderreihe 3_P_IMG_9543_rot-13.jpg,CKlasse_Bilderreihe 3_P_IMG_9543_rot-13_roi_02.jpg,876,370,1008
CKlasse_Bilderreihe 3_P_IMG_9543_contrast.jpg,CKlasse_Bilderreihe 3_P_IMG_9543_contrast_roi_00.jpg,609,650,428938
CKlasse_Bilderreihe 3_P_IMG_9543_contrast.jpg,CKlasse_Bilderreihe 3_P_IMG_9543_contrast_roi_01.jpg,462,52,16277
CKlasse_Bilderreihe 3_P_IMG_9543_contrast.jpg,CKlasse_Bilderreihe 3_P_IMG_9543_contrast_roi_02.jpg,877,265,12364
CKlasse_Bilderreihe 3_P_IMG_9543_contrast.jpg,CKlasse_Bilderreihe 3_P_IMG_9543_contrast_roi_03.jpg,917,28,4767
CKlasse_Bilderreihe 3_P_IMG_9543_contrast.jpg,CKlasse_Bilderreihe 3_P_IMG_9543_contrast_roi_04.jpg,28,737,4252
CKlasse_Bilderreihe 3_P_IMG_9543_contrast.jpg,CKlasse_Bilderreihe 3_P_IMG_9543_contrast_roi_05.jpg,902,104,1237
CKlasse_Bilderreihe 3_P_IMG_9543_contrast.jpg,CKlasse_Bilderreihe 3_P_IMG_9543_contrast_roi_06.jpg,764,51,601
CKlasse_Bilderreihe 3_P_IMG_9577_original.jpg,CKlasse_Bilderreihe 3_P_IMG_9577_original_roi_00.jpg,512,512,266669
CKlasse_Bilderreihe 3_P_IMG_9577_original.jpg,CKlasse_Bilderreihe 3_P_IMG_9577_original_roi_01.jpg,428,520,57830
CKlasse_Bilderreihe 3_P_IMG_9577_original.jpg,CKlasse_Bilderreihe 3_P_IMG_9577_original_roi_02.jpg,987,489,3354
CKlasse_Bilderreihe 3_P_IMG_9577_original.jpg,CKlasse_Bilderreihe 3_P_IMG_9577_original_roi_03.jpg,455,232,2376
CKlasse_Bilderreihe 3_P_IMG_9577_original.jpg,CKlasse_Bilderreihe 3_P_IMG_9577_original_roi_04.jpg,294,237,1844
CKlasse_Bilderreihe 4_P_IMG_9602_noise.jpg,CKlasse_Bilderreihe 4_P_IMG_9602_noise_roi_00.jpg,512,605,186759
CKlasse_Bilderreihe 4_P_IMG_9602_noise.jpg,CKlasse_Bilderreihe 4_P_IMG_9602_noise_roi_01.jpg,501,567,14632
CKlasse_Bilderreihe 4_P_IMG_9602_noise.jpg,CKlasse_Bilderreihe 4_P_IMG_9602_noise_roi_02.jpg,873,35,10409
CKlasse_Bilderreihe 4_P_IMG_9602_noise.jpg,CKlasse_Bilderreihe 4_P_IMG_9602_noise_roi_03.jpg,421,47,964
CKlasse_Bilderreihe 3_P_IMG_9568_rot1.jpg,CKlasse_Bilderreihe 3_P_IMG_9568_rot1_roi_00.jpg,452,426,144448
CKlasse_Bilderreihe 3_P_IMG_9568_rot1.jpg,CKlasse_Bilderreihe 3_P_IMG_9568_rot1_roi_01.jpg,230,96,38828
CKlasse_Bilderreihe 3_P_IMG_9568_rot1.jpg,CKlasse_Bilderreihe 3_P_IMG_9568_rot1_roi_02.jpg,871,796,32978
CKlasse_Bilderreihe 3_P_IMG_9568_rot1.jpg,CKlasse_Bilderreihe 3_P_IMG_9568_rot1_roi_03.jpg,414,963,27978
CKlasse_Bilderreihe 3_P_IMG_9568_rot1.jpg,CKlasse_Bilderreihe 3_P_IMG_9568_rot1_roi_04.jpg,135,922,26968
CKlasse_Bilderreihe 3_P_IMG_9568_rot1.jpg,CKlasse_Bilderreihe 3_P_IMG_9568_rot1_roi_05.jpg,1008,1006,683
CKlasse_Bilderreihe 3_P_IMG_9573_bright.jpg,CKlasse_Bilderreihe 3_P_IMG_9573_bright_roi_00.jpg,512,512,325992
CKlasse_Bilderreihe 3_P_IMG_9573_bright.jpg,CKlasse_Bilderreihe 3_P_IMG_9573_bright_roi_01.jpg,531,712,126586
CKlasse_Bilderreihe 3_P_IMG_9573_bright.jpg,CKlasse_Bilderreihe 3_P_IMG_9573_bright_roi_02.jpg,870,273,22603
CKlasse_Bilderreihe 3_P_IMG_9573_bright.jpg,CKlasse_Bilderreihe 3_P_IMG_9573_bright_roi_03.jpg,49,872,3807
CKlasse_Bilderreihe 3_P_IMG_9573_bright.jpg,CKlasse_Bilderreihe 3_P_IMG_9573_bright_roi_04.jpg,946,872,1218
CKlasse_Bilderreihe 3_P_IMG_9573_bright.jpg,CKlasse_Bilderreihe 3_P_IMG_9573_bright_roi_05.jpg,805,688,1092
CKlasse_Bilderreihe 3_P_IMG_9573_bright.jpg,CKlasse_Bilderreihe 3_P_IMG_9573_bright_roi_06.jpg,225,945,742
CKlasse_Bilderreihe 4_P_IMG_9592_dark.jpg,CKlasse_Bilderreihe 4_P_IMG_9592_dark_roi_00.jpg,478,271,146282
CKlasse_Bilderreihe 4_P_IMG_9592_dark.jpg,CKlasse_Bilderreihe 4_P_IMG_9592_dark_roi_01.jpg,905,178,2651
CKlasse_Bilderreihe 4_P_IMG_9592_dark.jpg,CKlasse_Bilderreihe 4_P_IMG_9592_dark_roi_02.jpg,963,555,1023
CKlasse_Bilderreihe 4_P_IMG_9592_dark.jpg,CKlasse_Bilderreihe 4_P_IMG_9592_dark_roi_03.jpg,714,787,1012
CKlasse_Bilderreihe 4_P_IMG_9592_dark.jpg,CKlasse_Bilderreihe 4_P_IMG_9592_dark_roi_04.jpg,816,467,681
CKlasse_Bilderreihe 4_P_IMG_9615_rot2.jpg,CKlasse_Bilderreihe 4_P_IMG_9615_rot2_roi_00.jpg,512,161,197773
CKlasse_Bilderreihe 4_P_IMG_9615_rot2.jpg,CKlasse_Bilderreihe 4_P_IMG_9615_rot2_roi_01.jpg,529,529,43519
CKlasse_Bilderreihe 4_P_IMG_9615_rot2.jpg,CKlasse_Bilderreihe 4_P_IMG_9615_rot2_roi_02.jpg,772,763,37660
CKlasse_Bilderreihe 4_P_IMG_9615_rot2.jpg,CKlasse_Bilderreihe 4_P_IMG_9615_rot2_roi_03.jpg,275,774,12731
CKlasse_Bilderreihe 4_P_IMG_9615_rot2.jpg,CKlasse_Bilderreihe 4_P_IMG_9615_rot2_roi_04.jpg,362,507,4748
CKlasse_Bilderreihe 4_P_IMG_9615_rot2.jpg,CKlasse_Bilderreihe 4_P_IMG_9615_rot2_roi_05.jpg,665,866,3333
20251213_125143_066.jpg,20251213_125143_066_roi_00.jpg,1561,1081,2278871
20251213_125143_066.jpg,20251213_125143_066_roi_01.jpg,3605,1500,786304
20251213_125143_066.jpg,20251213_125143_066_roi_02.jpg,655,2559,466608
20251213_125143_066.jpg,20251213_125143_066_roi_03.jpg,2653,2400,271846
20251213_125143_066.jpg,20251213_125143_066_roi_04.jpg,2472,416,59619
20251213_125143_066.jpg,20251213_125143_066_roi_05.jpg,2099,1963,58035
20251213_125143_066.jpg,20251213_125143_066_roi_06.jpg,3959,644,36514
20251213_125143_066.jpg,20251213_125143_066_roi_07.jpg,3296,484,20178
20251213_125143_066.jpg,20251213_125143_066_roi_08.jpg,2648,1514,14492
20251213_125143_066.jpg,20251213_125143_066_roi_09.jpg,3287,29,10139
20251213_125143_066.jpg,20251213_125143_066_roi_10.jpg,3836,1337,9890
20251213_125143_066.jpg,20251213_125143_066_roi_11.jpg,1791,1206,9623
20251213_125143_066.jpg,20251213_125143_066_roi_12.jpg,898,1693,8830
20251213_125143_066.jpg,20251213_125143_066_roi_13.jpg,3347,1400,7780
20251213_125143_066.jpg,20251213_125143_066_roi_14.jpg,561,1974,7042
20251213_125143_066.jpg,20251213_125143_066_roi_15.jpg,671,1820,6749
20251213_125143_066.jpg,20251213_125143_066_roi_16.jpg,2700,1982,3697
20251213_125143_066.jpg,20251213_125143_066_roi_17.jpg,2715,2094,3574
20251213_125143_066.jpg,20251213_125143_066_roi_18.jpg,912,2161,3127
20251213_125143_066.jpg,20251213_125143_066_roi_19.jpg,2369,1512,3106
20251213_125143_066.jpg,20251213_125143_066_roi_20.jpg,2609,2917,3031
20251213_125143_066.jpg,20251213_125143_066_roi_21.jpg,2807,1628,2794
20251213_125143_066.jpg,20251213_125143_066_roi_22.jpg,3086,383,2715
20251213_125143_066.jpg,20251213_125143_066_roi_23.jpg,2569,1923,2683
20251213_125143_066.jpg,20251213_125143_066_roi_24.jpg,689,2041,2369
20251213_125143_032.jpg,20251213_125143_032_roi_00.jpg,1541,1500,1580099
20251213_125143_032.jpg,20251213_125143_032_roi_01.jpg,3576,1500,815652
20251213_125143_032.jpg,20251213_125143_032_roi_02.jpg,2050,1679,187570
20251213_125143_032.jpg,20251213_125143_032_roi_03.jpg,2732,2373,174672
20251213_125143_032.jpg,20251213_125143_032_roi_04.jpg,1258,962,154312
20251213_125143_032.jpg,20251213_125143_032_roi_05.jpg,3923,760,107628
20251213_125143_032.jpg,20251213_125143_032_roi_06.jpg,2257,2018,44255
20251213_125143_032.jpg,20251213_125143_032_roi_07.jpg,1525,1949,31136
20251213_125143_032.jpg,20251213_125143_032_roi_08.jpg,3765,1296,23576
20251213_125143_032.jpg,20251213_125143_032_roi_09.jpg,1790,1963,20784
20251213_125143_032.jpg,20251213_125143_032_roi_10.jpg,3189,667,17358
20251213_125143_032.jpg,20251213_125143_032_roi_11.jpg,1454,729,16914
20251213_125143_032.jpg,20251213_125143_032_roi_12.jpg,1561,1732,11495
20251213_125143_032.jpg,20251213_125143_032_roi_13.jpg,1344,1886,8696
20251213_125143_032.jpg,20251213_125143_032_roi_14.jpg,1934,1331,6379
20251213_125143_032.jpg,20251213_125143_032_roi_15.jpg,2683,1596,5481
20251213_125143_032.jpg,20251213_125143_032_roi_16.jpg,1473,803,5179
20251213_125143_032.jpg,20251213_125143_032_roi_17.jpg,2203,550,4313
20251213_125143_032.jpg,20251213_125143_032_roi_18.jpg,2820,1653,3342
20251213_125143_032.jpg,20251213_125143_032_roi_19.jpg,3861,422,2639
20251213_125143_032.jpg,20251213_125143_032_roi_20.jpg,2468,1565,2467
20251213_125143_032.jpg,20251213_125143_032_roi_21.jpg,3196,29,2276
20251213_125143_032.jpg,20251213_125143_032_roi_22.jpg,534,1587,1950
20251213_125143_032.jpg,20251213_125143_032_roi_23.jpg,1206,1625,1884
20251213_125143_032.jpg,20251213_125143_032_roi_24.jpg,2727,1493,1854
CKlasse_Bilderreihe 2_P_IMG_9444_rot1.jpg,CKlasse_Bilderreihe 2_P_IMG_9444_rot1_roi_00.jpg,468,551,36252
CKlasse_Bilderreihe 2_P_IMG_9444_rot1.jpg,CKlasse_Bilderreihe 2_P_IMG_9444_rot1_roi_01.jpg,812,566,13925
CKlasse_Bilderreihe 2_P_IMG_9444_rot1.jpg,CKlasse_Bilderreihe 2_P_IMG_9444_rot1_roi_02.jpg,684,112,10477
CKlasse_Bilderreihe 2_P_IMG_9444_rot1.jpg,CKlasse_Bilderreihe 2_P_IMG_9444_rot1_roi_03.jpg,880,838,10451
CKlasse_Bilderreihe 2_P_IMG_9444_rot1.jpg,CKlasse_Bilderreihe 2_P_IMG_9444_rot1_roi_04.jpg,74,60,5226
CKlasse_Bilderreihe 2_P_IMG_9444_rot1.jpg,CKlasse_Bilderreihe 2_P_IMG_9444_rot1_roi_05.jpg,18,282,3227
CKlasse_Bilderreihe 2_P_IMG_9444_rot1.jpg,CKlasse_Bilderreihe 2_P_IMG_9444_rot1_roi_06.jpg,236,74,1274
CKlasse_Bilderreihe 2_P_IMG_9444_rot1.jpg,CKlasse_Bilderreihe 2_P_IMG_9444_rot1_roi_07.jpg,709,489,1036
CKlasse_Bilderreihe 3_P_IMG_9565_bright.jpg,CKlasse_Bilderreihe 3_P_IMG_9565_bright_roi_00.jpg,621,719,329539
CKlasse_Bilderreihe 3_P_IMG_9565_bright.jpg,CKlasse_Bilderreihe 3_P_IMG_9565_bright_roi_01.jpg,654,186,100167
CKlasse_Bilderreihe 3_P_IMG_9565_bright.jpg,CKlasse_Bilderreihe 3_P_IMG_9565_bright_roi_02.jpg,148,512,90993
CKlasse_Bilderreihe 3_P_IMG_9565_bright.jpg,CKlasse_Bilderreihe 3_P_IMG_9565_bright_roi_03.jpg,176,449,1518
CKlasse_Bilderreihe 3_P_IMG_9565_bright.jpg,CKlasse_Bilderreihe 3_P_IMG_9565_bright_roi_04.jpg,991,379,1033
CKlasse_Bilderreihe 3_P_IMG_9555_contrast.jpg,CKlasse_Bilderreihe 3_P_IMG_9555_contrast_roi_00.jpg,512,512,339185
CKlasse_Bilderreihe 3_P_IMG_9555_contrast.jpg,CKlasse_Bilderreihe 3_P_IMG_9555_contrast_roi_01.jpg,645,798,227611
CKlasse_Bilderreihe 3_P_IMG_9555_contrast.jpg,CKlasse_Bilderreihe 3_P_IMG_9555_contrast_roi_02.jpg,972,1003,2659
CKlasse_Bilderreihe 3_P_IMG_9555_contrast.jpg,CKlasse_Bilderreihe 3_P_IMG_9555_contrast_roi_03.jpg,975,352,2066
CKlasse_Bilderreihe 3_P_IMG_9555_contrast.jpg,CKlasse_Bilderreihe 3_P_IMG_9555_contrast_roi_04.jpg,1009,23,701
CKlasse_Bilderreihe 2_P_IMG_9453_rot11.jpg,CKlasse_Bilderreihe 2_P_IMG_9453_rot11_roi_00.jpg,452,104,9837
CKlasse_Bilderreihe 2_P_IMG_9453_rot11.jpg,CKlasse_Bilderreihe 2_P_IMG_9453_rot11_roi_01.jpg,186,186,9596
CKlasse_Bilderreihe 2_P_IMG_9453_rot11.jpg,CKlasse_Bilderreihe 2_P_IMG_9453_rot11_roi_02.jpg,360,450,6072
CKlasse_Bilderreihe 2_P_IMG_9453_rot11.jpg,CKlasse_Bilderreihe 2_P_IMG_9453_rot11_roi_03.jpg,330,560,1668
CKlasse_Bilderreihe 2_P_IMG_9453_rot11.jpg,CKlasse_Bilderreihe 2_P_IMG_9453_rot11_roi_04.jpg,902,40,1147
CKlasse_Bilderreihe 2_P_IMG_9453_rot11.jpg,CKlasse_Bilderreihe 2_P_IMG_9453_rot11_roi_05.jpg,984,31,892
CKlasse_Bilderreihe 2_P_IMG_9451_bright.jpg,CKlasse_Bilderreihe 2_P_IMG_9451_bright_roi_00.jpg,512,281,102868
CKlasse_Bilderreihe 2_P_IMG_9451_bright.jpg,CKlasse_Bilderreihe 2_P_IMG_9451_bright_roi_01.jpg,444,690,26356
CKlasse_Bilderreihe 2_P_IMG_9451_bright.jpg,CKlasse_Bilderreihe 2_P_IMG_9451_bright_roi_02.jpg,512,980,21536
CKlasse_Bilderreihe 2_P_IMG_9451_bright.jpg,CKlasse_Bilderreihe 2_P_IMG_9451_bright_roi_03.jpg,496,566,21318
CKlasse_Bilderreihe 2_P_IMG_9451_bright.jpg,CKlasse_Bilderreihe 2_P_IMG_9451_bright_roi_04.jpg,910,609,13944
CKlasse_Bilderreihe 2_P_IMG_9451_bright.jpg,CKlasse_Bilderreihe 2_P_IMG_9451_bright_roi_05.jpg,233,242,12163
CKlasse_Bilderreihe 2_P_IMG_9451_bright.jpg,CKlasse_Bilderreihe 2_P_IMG_9451_bright_roi_06.jpg,117,629,7488
CKlasse_Bilderreihe 2_P_IMG_9451_bright.jpg,CKlasse_Bilderreihe 2_P_IMG_9451_bright_roi_07.jpg,177,904,2772
024.png,024_roi_00.jpg,181,102,36758
024.png,024_roi_01.jpg,76,39,3135
CKlasse_Bilderreihe 2_P_IMG_9416_rot5.jpg,CKlasse_Bilderreihe 2_P_IMG_9416_rot5_roi_00.jpg,292,207,102438
CKlasse_Bilderreihe 2_P_IMG_9416_rot5.jpg,CKlasse_Bilderreihe 2_P_IMG_9416_rot5_roi_01.jpg,762,169,25607
CKlasse_Bilderreihe 2_P_IMG_9416_rot5.jpg,CKlasse_Bilderreihe 2_P_IMG_9416_rot5_roi_02.jpg,943,346,10947
CKlasse_Bilderreihe 2_P_IMG_9416_rot5.jpg,CKlasse_Bilderreihe 2_P_IMG_9416_rot5_roi_03.jpg,564,608,4805
CKlasse_Bilderreihe 2_P_IMG_9416_rot5.jpg,CKlasse_Bilderreihe 2_P_IMG_9416_rot5_roi_04.jpg,349,318,3400
CKlasse_Bilderreihe 2_P_IMG_9416_rot5.jpg,CKlasse_Bilderreihe 2_P_IMG_9416_rot5_roi_05.jpg,779,620,740
CKlasse_Bilderreihe 2_P_IMG_9402_contrast.jpg,CKlasse_Bilderreihe 2_P_IMG_9402_contrast_roi_00.jpg,512,625,281769
CKlasse_Bilderreihe 2_P_IMG_9402_contrast.jpg,CKlasse_Bilderreihe 2_P_IMG_9402_contrast_roi_01.jpg,512,227,263902
CKlasse_Bilderreihe 2_P_IMG_9402_contrast.jpg,CKlasse_Bilderreihe 2_P_IMG_9402_contrast_roi_02.jpg,190,886,8869
CKlasse_Bilderreihe 2_P_IMG_9402_contrast.jpg,CKlasse_Bilderreihe 2_P_IMG_9402_contrast_roi_03.jpg,145,22,911
CKlasse_Bilderreihe 4_P_IMG_9624_dark.jpg,CKlasse_Bilderreihe 4_P_IMG_9624_dark_roi_00.jpg,593,536,4557
035.png,035_roi_00.jpg,169,77,10600
CKlasse_Bilderreihe 2_P_IMG_9372_dark.jpg,CKlasse_Bilderreihe 2_P_IMG_9372_dark_roi_00.jpg,491,110,24754
CKlasse_Bilderreihe 2_P_IMG_9372_dark.jpg,CKlasse_Bilderreihe 2_P_IMG_9372_dark_roi_01.jpg,264,898,10134
CKlasse_Bilderreihe 2_P_IMG_9372_dark.jpg,CKlasse_Bilderreihe 2_P_IMG_9372_dark_roi_02.jpg,199,717,1750
CKlasse_Bilderreihe 3_P_IMG_9536_rot-1.jpg,CKlasse_Bilderreihe 3_P_IMG_9536_rot-1_roi_00.jpg,524,517,236356
CKlasse_Bilderreihe 3_P_IMG_9536_rot-1.jpg,CKlasse_Bilderreihe 3_P_IMG_9536_rot-1_roi_01.jpg,23,309,1136
CKlasse_Bilderreihe 3_P_IMG_9560_original.jpg,CKlasse_Bilderreihe 3_P_IMG_9560_original_roi_00.jpg,375,855,100740
CKlasse_Bilderreihe 3_P_IMG_9560_original.jpg,CKlasse_Bilderreihe 3_P_IMG_9560_original_roi_01.jpg,146,97,26764
CKlasse_Bilderreihe 3_P_IMG_9560_original.jpg,CKlasse_Bilderreihe 3_P_IMG_9560_original_roi_02.jpg,850,61,24993
CKlasse_Bilderreihe 3_P_IMG_9560_original.jpg,CKlasse_Bilderreihe 3_P_IMG_9560_original_roi_03.jpg,344,109,18675
CKlasse_Bilderreihe 3_P_IMG_9560_original.jpg,CKlasse_Bilderreihe 3_P_IMG_9560_original_roi_04.jpg,453,577,18043
CKlasse_Bilderreihe 3_P_IMG_9560_original.jpg,CKlasse_Bilderreihe 3_P_IMG_9560_original_roi_05.jpg,935,916,6290
CKlasse_Bilderreihe 3_P_IMG_9560_original.jpg,CKlasse_Bilderreihe 3_P_IMG_9560_original_roi_06.jpg,956,722,3689
CKlasse_Bilderreihe 3_P_IMG_9560_original.jpg,CKlasse_Bilderreihe 3_P_IMG_9560_original_roi_07.jpg,1000,1000,1087
CKlasse_Bilderreihe 2_P_IMG_9412_contrast.jpg,CKlasse_Bilderreihe 2_P_IMG_9412_contrast_roi_00.jpg,331,163,79258
CKlasse_Bilderreihe 2_P_IMG_9412_contrast.jpg,CKlasse_Bilderreihe 2_P_IMG_9412_contrast_roi_01.jpg,445,672,38233
CKlasse_Bilderreihe 2_P_IMG_9412_contrast.jpg,CKlasse_Bilderreihe 2_P_IMG_9412_contrast_roi_02.jpg,944,432,35280
CKlasse_Bilderreihe 2_P_IMG_9412_contrast.jpg,CKlasse_Bilderreihe 2_P_IMG_9412_contrast_roi_03.jpg,343,971,5703
CKlasse_Bilderreihe 2_P_IMG_9412_contrast.jpg,CKlasse_Bilderreihe 2_P_IMG_9412_contrast_roi_04.jpg,87,47,4761
CKlasse_Bilderreihe 2_P_IMG_9412_contrast.jpg,CKlasse_Bilderreihe 2_P_IMG_9412_contrast_roi_05.jpg,184,865,2097
CKlasse_Bilderreihe 2_P_IMG_9412_contrast.jpg,CKlasse_Bilderreihe 2_P_IMG_9412_contrast_roi_06.jpg,746,10,981
CKlasse_Bilderreihe 3_P_IMG_9563_rot1.jpg,CKlasse_Bilderreihe 3_P_IMG_9563_rot1_roi_00.jpg,512,173,230331
CKlasse_Bilderreihe 3_P_IMG_9563_rot1.jpg,CKlasse_Bilderreihe 3_P_IMG_9563_rot1_roi_01.jpg,512,602,81031
CKlasse_Bilderreihe 3_P_IMG_9563_rot1.jpg,CKlasse_Bilderreihe 3_P_IMG_9563_rot1_roi_02.jpg,859,762,22441
CKlasse_Bilderreihe 3_P_IMG_9563_rot1.jpg,CKlasse_Bilderreihe 3_P_IMG_9563_rot1_roi_03.jpg,507,482,3876
CKlasse_Bilderreihe 2_P_IMG_9382_original.jpg,CKlasse_Bilderreihe 2_P_IMG_9382_original_roi_00.jpg,512,195,178134
CKlasse_Bilderreihe 2_P_IMG_9382_original.jpg,CKlasse_Bilderreihe 2_P_IMG_9382_original_roi_01.jpg,512,602,98561
CKlasse_Bilderreihe 2_P_IMG_9382_original.jpg,CKlasse_Bilderreihe 2_P_IMG_9382_original_roi_02.jpg,617,289,26057
CKlasse_Bilderreihe 2_P_IMG_9382_original.jpg,CKlasse_Bilderreihe 2_P_IMG_9382_original_roi_03.jpg,908,684,13246
CKlasse_Bilderreihe 2_P_IMG_9382_original.jpg,CKlasse_Bilderreihe 2_P_IMG_9382_original_roi_04.jpg,486,602,2889
CKlasse_Bilderreihe 2_P_IMG_9382_original.jpg,CKlasse_Bilderreihe 2_P_IMG_9382_original_roi_05.jpg,672,847,1997
CKlasse_Bilderreihe 2_P_IMG_9382_original.jpg,CKlasse_Bilderreihe 2_P_IMG_9382_original_roi_06.jpg,877,932,1048
CKlasse_Bilderreihe 2_P_IMG_9382_original.jpg,CKlasse_Bilderreihe 2_P_IMG_9382_original_roi_07.jpg,63,1010,826
CKlasse_Bilderreihe 2_P_IMG_9382_original.jpg,CKlasse_Bilderreihe 2_P_IMG_9382_original_roi_08.jpg,48,858,511
CKlasse_Bilderreihe 3_P_IMG_9557_dark.jpg,CKlasse_Bilderreihe 3_P_IMG_9557_dark_roi_00.jpg,444,590,87590
CKlasse_Bilderreihe 4_P_IMG_9595_rot0.jpg,CKlasse_Bilderreihe 4_P_IMG_9595_rot0_roi_00.jpg,320,185,173839
CKlasse_Bilderreihe 4_P_IMG_9595_rot0.jpg,CKlasse_Bilderreihe 4_P_IMG_9595_rot0_roi_01.jpg,919,101,7536
CKlasse_Bilderreihe 4_P_IMG_9595_rot0.jpg,CKlasse_Bilderreihe 4_P_IMG_9595_rot0_roi_02.jpg,719,323,6176
CKlasse_Bilderreihe 4_P_IMG_9595_rot0.jpg,CKlasse_Bilderreihe 4_P_IMG_9595_rot0_roi_03.jpg,535,712,4264
CKlasse_Bilderreihe 2_P_IMG_9448_bright.jpg,CKlasse_Bilderreihe 2_P_IMG_9448_bright_roi_00.jpg,512,300,213833
CKlasse_Bilderreihe 2_P_IMG_9448_bright.jpg,CKlasse_Bilderreihe 2_P_IMG_9448_bright_roi_01.jpg,748,850,138123
CKlasse_Bilderreihe 2_P_IMG_9448_bright.jpg,CKlasse_Bilderreihe 2_P_IMG_9448_bright_roi_02.jpg,698,506,51089
CKlasse_Bilderreihe 2_P_IMG_9448_bright.jpg,CKlasse_Bilderreihe 2_P_IMG_9448_bright_roi_03.jpg,234,520,2051
CKlasse_Bilderreihe 2_P_IMG_9448_bright.jpg,CKlasse_Bilderreihe 2_P_IMG_9448_bright_roi_04.jpg,919,671,1430
CKlasse_Bilderreihe 4_P_IMG_9590_bright.jpg,CKlasse_Bilderreihe 4_P_IMG_9590_bright_roi_00.jpg,456,601,224005
033.png,033_roi_00.jpg,184,102,37392
CKlasse_Bilderreihe 2_P_IMG_9394_rot-1.jpg,CKlasse_Bilderreihe 2_P_IMG_9394_rot-1_roi_00.jpg,340,196,118870
CKlasse_Bilderreihe 2_P_IMG_9394_rot-1.jpg,CKlasse_Bilderreihe 2_P_IMG_9394_rot-1_roi_01.jpg,804,156,27803
CKlasse_Bilderreihe 2_P_IMG_9394_rot-1.jpg,CKlasse_Bilderreihe 2_P_IMG_9394_rot-1_roi_02.jpg,352,935,13683
CKlasse_Bilderreihe 2_P_IMG_9394_rot-1.jpg,CKlasse_Bilderreihe 2_P_IMG_9394_rot-1_roi_03.jpg,480,554,9028
CKlasse_Bilderreihe 2_P_IMG_9394_rot-1.jpg,CKlasse_Bilderreihe 2_P_IMG_9394_rot-1_roi_04.jpg,354,250,6610
CKlasse_Bilderreihe 2_P_IMG_9394_rot-1.jpg,CKlasse_Bilderreihe 2_P_IMG_9394_rot-1_roi_05.jpg,364,769,2833
CKlasse_Bilderreihe 4_P_IMG_9613_noise.jpg,CKlasse_Bilderreihe 4_P_IMG_9613_noise_roi_00.jpg,367,166,117356
CKlasse_Bilderreihe 4_P_IMG_9613_noise.jpg,CKlasse_Bilderreihe 4_P_IMG_9613_noise_roi_01.jpg,415,838,61536
CKlasse_Bilderreihe 4_P_IMG_9613_noise.jpg,CKlasse_Bilderreihe 4_P_IMG_9613_noise_roi_02.jpg,924,62,9103
CKlasse_Bilderreihe 4_P_IMG_9613_noise.jpg,CKlasse_Bilderreihe 4_P_IMG_9613_noise_roi_03.jpg,732,228,7892
CKlasse_Bilderreihe 4_P_IMG_9613_noise.jpg,CKlasse_Bilderreihe 4_P_IMG_9613_noise_roi_04.jpg,702,497,4530
CKlasse_Bilderreihe 4_P_IMG_9613_noise.jpg,CKlasse_Bilderreihe 4_P_IMG_9613_noise_roi_05.jpg,518,517,2664
041.png,041_roi_00.jpg,156,76,7611
CKlasse_Bilderreihe 2_P_IMG_9374_rot4.jpg,CKlasse_Bilderreihe 2_P_IMG_9374_rot4_roi_00.jpg,424,275,53063
CKlasse_Bilderreihe 2_P_IMG_9374_rot4.jpg,CKlasse_Bilderreihe 2_P_IMG_9374_rot4_roi_01.jpg,200,845,13028
CKlasse_Bilderreihe 2_P_IMG_9374_rot4.jpg,CKlasse_Bilderreihe 2_P_IMG_9374_rot4_roi_02.jpg,925,263,11648
CKlasse_Bilderreihe 2_P_IMG_9374_rot4.jpg,CKlasse_Bilderreihe 2_P_IMG_9374_rot4_roi_03.jpg,734,674,7842
CKlasse_Bilderreihe 2_P_IMG_9374_rot4.jpg,CKlasse_Bilderreihe 2_P_IMG_9374_rot4_roi_04.jpg,501,553,4413
CKlasse_Bilderreihe 2_P_IMG_9374_rot4.jpg,CKlasse_Bilderreihe 2_P_IMG_9374_rot4_roi_05.jpg,65,25,2984
CKlasse_Bilderreihe 2_P_IMG_9374_rot4.jpg,CKlasse_Bilderreihe 2_P_IMG_9374_rot4_roi_06.jpg,981,442,1960
CKlasse_Bilderreihe 2_P_IMG_9374_rot4.jpg,CKlasse_Bilderreihe 2_P_IMG_9374_rot4_roi_07.jpg,996,830,1151
CKlasse_Bilderreihe 2_P_IMG_9374_rot4.jpg,CKlasse_Bilderreihe 2_P_IMG_9374_rot4_roi_08.jpg,978,996,700
CKlasse_Bilderreihe 3_P_IMG_9569_contrast.jpg,CKlasse_Bilderreihe 3_P_IMG_9569_contrast_roi_00.jpg,512,512,809010
CKlasse_Bilderreihe 3_P_IMG_9569_contrast.jpg,CKlasse_Bilderreihe 3_P_IMG_9569_contrast_roi_01.jpg,882,920,27210
CKlasse_Bilderreihe 3_P_IMG_9569_contrast.jpg,CKlasse_Bilderreihe 3_P_IMG_9569_contrast_roi_02.jpg,894,636,20385
CKlasse_Bilderreihe 3_P_IMG_9583_original.jpg,CKlasse_Bilderreihe 3_P_IMG_9583_original_roi_00.jpg,601,512,241924
CKlasse_Bilderreihe 3_P_IMG_9583_original.jpg,CKlasse_Bilderreihe 3_P_IMG_9583_original_roi_01.jpg,466,496,41393
CKlasse_Bilderreihe 3_P_IMG_9583_original.jpg,CKlasse_Bilderreihe 3_P_IMG_9583_original_roi_02.jpg,69,166,15622
CKlasse_Bilderreihe 3_P_IMG_9583_original.jpg,CKlasse_Bilderreihe 3_P_IMG_9583_original_roi_03.jpg,408,26,14975
CKlasse_Bilderreihe 3_P_IMG_9583_original.jpg,CKlasse_Bilderreihe 3_P_IMG_9583_original_roi_04.jpg,364,95,2576
CKlasse_Bilderreihe 3_P_IMG_9583_original.jpg,CKlasse_Bilderreihe 3_P_IMG_9583_original_roi_05.jpg,1003,898,1278
CKlasse_Bilderreihe 2_P_IMG_9376_dark.jpg,CKlasse_Bilderreihe 2_P_IMG_9376_dark_roi_00.jpg,164,126,46421
CKlasse_Bilderreihe 2_P_IMG_9376_dark.jpg,CKlasse_Bilderreihe 2_P_IMG_9376_dark_roi_01.jpg,600,77,12392
CKlasse_Bilderreihe 2_P_IMG_9376_dark.jpg,CKlasse_Bilderreihe 2_P_IMG_9376_dark_roi_02.jpg,175,371,9112
CKlasse_Bilderreihe 2_P_IMG_9376_dark.jpg,CKlasse_Bilderreihe 2_P_IMG_9376_dark_roi_03.jpg,127,652,7985
CKlasse_Bilderreihe 2_P_IMG_9376_dark.jpg,CKlasse_Bilderreihe 2_P_IMG_9376_dark_roi_04.jpg,551,242,6048
CKlasse_Bilderreihe 2_P_IMG_9376_dark.jpg,CKlasse_Bilderreihe 2_P_IMG_9376_dark_roi_05.jpg,926,113,2599
CKlasse_Bilderreihe 2_P_IMG_9376_dark.jpg,CKlasse_Bilderreihe 2_P_IMG_9376_dark_roi_06.jpg,827,384,1836
CKlasse_Bilderreihe 2_P_IMG_9376_dark.jpg,CKlasse_Bilderreihe 2_P_IMG_9376_dark_roi_07.jpg,280,58,749
CKlasse_Bilderreihe 4_P_IMG_9591_noise.jpg,CKlasse_Bilderreihe 4_P_IMG_9591_noise_roi_00.jpg,184,150,48962
CKlasse_Bilderreihe 4_P_IMG_9591_noise.jpg,CKlasse_Bilderreihe 4_P_IMG_9591_noise_roi_01.jpg,934,769,35622
CKlasse_Bilderreihe 4_P_IMG_9591_noise.jpg,CKlasse_Bilderreihe 4_P_IMG_9591_noise_roi_02.jpg,436,612,25112
CKlasse_Bilderreihe 4_P_IMG_9591_noise.jpg,CKlasse_Bilderreihe 4_P_IMG_9591_noise_roi_03.jpg,424,19,2229
CKlasse_Bilderreihe 4_P_IMG_9591_noise.jpg,CKlasse_Bilderreihe 4_P_IMG_9591_noise_roi_04.jpg,143,1011,891
CKlasse_Bilderreihe 4_P_IMG_9591_noise.jpg,CKlasse_Bilderreihe 4_P_IMG_9591_noise_roi_05.jpg,23,1004,554
CKlasse_Bilderreihe 3_P_IMG_9571_noise.jpg,CKlasse_Bilderreihe 3_P_IMG_9571_noise_roi_00.jpg,512,417,613183
CKlasse_Bilderreihe 3_P_IMG_9571_noise.jpg,CKlasse_Bilderreihe 3_P_IMG_9571_noise_roi_01.jpg,652,877,107904
CKlasse_Bilderreihe 3_P_IMG_9571_noise.jpg,CKlasse_Bilderreihe 3_P_IMG_9571_noise_roi_02.jpg,686,761,7562
CKlasse_Bilderreihe 3_P_IMG_9571_noise.jpg,CKlasse_Bilderreihe 3_P_IMG_9571_noise_roi_03.jpg,174,1009,1139
CKlasse_Bilderreihe 3_P_IMG_9571_noise.jpg,CKlasse_Bilderreihe 3_P_IMG_9571_noise_roi_04.jpg,157,936,756
CKlasse_Bilderreihe 3_P_IMG_9571_noise.jpg,CKlasse_Bilderreihe 3_P_IMG_9571_noise_roi_05.jpg,999,658,558
20251213_125143_063.jpg,20251213_125143_063_roi_00.jpg,1630,1096,2249415
20251213_125143_063.jpg,20251213_125143_063_roi_01.jpg,3717,1500,787635
20251213_125143_063.jpg,20251213_125143_063_roi_02.jpg,2795,2453,304960
20251213_125143_063.jpg,20251213_125143_063_roi_03.jpg,470,2686,254697
20251213_125143_063.jpg,20251213_125143_063_roi_04.jpg,2437,446,98890
20251213_125143_063.jpg,20251213_125143_063_roi_05.jpg,2154,2009,65448
20251213_125143_063.jpg,20251213_125143_063_roi_06.jpg,862,2000,32488
20251213_125143_063.jpg,20251213_125143_063_roi_07.jpg,3426,1342,23488
20251213_125143_063.jpg,20251213_125143_063_roi_08.jpg,3311,431,22071
20251213_125143_063.jpg,20251213_125143_063_roi_09.jpg,1769,1224,11412
20251213_125143_063.jpg,20251213_125143_063_roi_10.jpg,1904,314,9174
20251213_125143_063.jpg,20251213_125143_063_roi_11.jpg,2621,1976,9091
20251213_125143_063.jpg,20251213_125143_063_roi_12.jpg,839,1756,8629
20251213_125143_063.jpg,20251213_125143_063_roi_13.jpg,2781,1611,7082
20251213_125143_063.jpg,20251213_125143_063_roi_14.jpg,640,1897,5562
20251213_125143_063.jpg,20251213_125143_063_roi_15.jpg,2379,1521,3587
20251213_125143_063.jpg,20251213_125143_063_roi_16.jpg,2694,1415,3389
20251213_125143_063.jpg,20251213_125143_063_roi_17.jpg,477,2062,2786
20251213_125143_063.jpg,20251213_125143_063_roi_18.jpg,2597,1418,2736
20251213_125143_063.jpg,20251213_125143_063_roi_19.jpg,1162,1048,1814
20251213_125143_063.jpg,20251213_125143_063_roi_20.jpg,2989,2137,1496
20251213_125143_063.jpg,20251213_125143_063_roi_21.jpg,387,1738,1479
20251213_125143_063.jpg,20251213_125143_063_roi_22.jpg,3329,2324,1413
20251213_125143_063.jpg,20251213_125143_063_roi_23.jpg,2780,12,1396
20251213_125143_063.jpg,20251213_125143_063_roi_24.jpg,1381,959,1343
20251213_125143_041.jpg,20251213_125143_041_roi_00.jpg,1447,1500,768980
20251213_125143_041.jpg,20251213_125143_041_roi_01.jpg,3698,1500,583240
20251213_125143_041.jpg,20251213_125143_041_roi_02.jpg,2267,2014,487615
20251213_125143_041.jpg,20251213_125143_041_roi_03.jpg,388,1136,283264
20251213_125143_041.jpg,20251213_125143_041_roi_04.jpg,3208,2454,216731
20251213_125143_041.jpg,20251213_125143_041_roi_05.jpg,1163,1125,177206
20251213_125143_041.jpg,20251213_125143_041_roi_06.jpg,2537,2150,55809
20251213_125143_041.jpg,20251213_125143_041_roi_07.jpg,2842,1626,22074
20251213_125143_041.jpg,20251213_125143_041_roi_08.jpg,3442,965,18186
20251213_125143_041.jpg,20251213_125143_041_roi_09.jpg,2367,662,17973
20251213_125143_041.jpg,20251213_125143_041_roi_10.jpg,3207,593,17918
20251213_125143_041.jpg,20251213_125143_041_roi_11.jpg,1965,1472,10418
20251213_125143_041.jpg,20251213_125143_041_roi_12.jpg,1069,1936,9871
20251213_125143_041.jpg,20251213_125143_041_roi_13.jpg,613,1699,8720
20251213_125143_041.jpg,20251213_125143_041_roi_14.jpg,806,1516,4817
20251213_125143_041.jpg,20251213_125143_041_roi_15.jpg,1420,2440,4224
20251213_125143_041.jpg,20251213_125143_041_roi_16.jpg,433,2039,3176
20251213_125143_041.jpg,20251213_125143_041_roi_17.jpg,2717,1491,3000
20251213_125143_041.jpg,20251213_125143_041_roi_18.jpg,2551,1610,2856
20251213_125143_041.jpg,20251213_125143_041_roi_19.jpg,1940,849,2667
20251213_125143_041.jpg,20251213_125143_041_roi_20.jpg,2959,1551,2585
20251213_125143_041.jpg,20251213_125143_041_roi_21.jpg,1802,999,2561
20251213_125143_041.jpg,20251213_125143_041_roi_22.jpg,678,1550,2515
20251213_125143_041.jpg,20251213_125143_041_roi_23.jpg,3295,1574,2482
20251213_125143_041.jpg,20251213_125143_041_roi_24.jpg,3167,2049,2290
CKlasse_Bilderreihe 4_P_IMG_9623_contrast.jpg,CKlasse_Bilderreihe 4_P_IMG_9623_contrast_roi_00.jpg,648,809,153296
CKlasse_Bilderreihe 4_P_IMG_9623_contrast.jpg,CKlasse_Bilderreihe 4_P_IMG_9623_contrast_roi_01.jpg,488,631,16649
CKlasse_Bilderreihe 3_P_IMG_9584_rot-9.jpg,CKlasse_Bilderreihe 3_P_IMG_9584_rot-9_roi_00.jpg,553,179,197883
CKlasse_Bilderreihe 3_P_IMG_9584_rot-9.jpg,CKlasse_Bilderreihe 3_P_IMG_9584_rot-9_roi_01.jpg,537,552,58113
CKlasse_Bilderreihe 3_P_IMG_9584_rot-9.jpg,CKlasse_Bilderreihe 3_P_IMG_9584_rot-9_roi_02.jpg,79,214,29751
CKlasse_Bilderreihe 3_P_IMG_9584_rot-9.jpg,CKlasse_Bilderreihe 3_P_IMG_9584_rot-9_roi_03.jpg,59,937,10816
CKlasse_Bilderreihe 3_P_IMG_9584_rot-9.jpg,CKlasse_Bilderreihe 3_P_IMG_9584_rot-9_roi_04.jpg,199,921,1104
CKlasse_Bilderreihe 3_P_IMG_9584_rot-9.jpg,CKlasse_Bilderreihe 3_P_IMG_9584_rot-9_roi_05.jpg,441,761,1071
CKlasse_Bilderreihe 3_P_IMG_9584_rot-9.jpg,CKlasse_Bilderreihe 3_P_IMG_9584_rot-9_roi_06.jpg,128,754,621
CKlasse_Bilderreihe 3_P_IMG_9584_rot-9.jpg,CKlasse_Bilderreihe 3_P_IMG_9584_rot-9_roi_07.jpg,244,846,582
025.png,025_roi_00.jpg,214,76,15296
CKlasse_Bilderreihe 2_P_IMG_9449_noise.jpg,CKlasse_Bilderreihe 2_P_IMG_9449_noise_roi_00.jpg,512,304,309251
CKlasse_Bilderreihe 2_P_IMG_9449_noise.jpg,CKlasse_Bilderreihe 2_P_IMG_9449_noise_roi_01.jpg,410,830,82331
CKlasse_Bilderreihe 2_P_IMG_9449_noise.jpg,CKlasse_Bilderreihe 2_P_IMG_9449_noise_roi_02.jpg,841,778,44871
CKlasse_Bilderreihe 2_P_IMG_9449_noise.jpg,CKlasse_Bilderreihe 2_P_IMG_9449_noise_roi_03.jpg,864,521,27022
CKlasse_Bilderreihe 2_P_IMG_9449_noise.jpg,CKlasse_Bilderreihe 2_P_IMG_9449_noise_roi_04.jpg,930,333,4315
CKlasse_Bilderreihe 2_P_IMG_9449_noise.jpg,CKlasse_Bilderreihe 2_P_IMG_9449_noise_roi_05.jpg,583,470,3807
CKlasse_Bilderreihe 2_P_IMG_9449_noise.jpg,CKlasse_Bilderreihe 2_P_IMG_9449_noise_roi_06.jpg,68,29,2503
CKlasse_Bilderreihe 2_P_IMG_9449_noise.jpg,CKlasse_Bilderreihe 2_P_IMG_9449_noise_roi_07.jpg,386,607,2308
CKlasse_Bilderreihe 2_P_IMG_9449_noise.jpg,CKlasse_Bilderreihe 2_P_IMG_9449_noise_roi_08.jpg,796,358,1200
CKlasse_Bilderreihe 2_P_IMG_9449_noise.jpg,CKlasse_Bilderreihe 2_P_IMG_9449_noise_roi_09.jpg,302,542,1045
CKlasse_Bilderreihe 3_P_IMG_9586_noise.jpg,CKlasse_Bilderreihe 3_P_IMG_9586_noise_roi_00.jpg,512,512,353433
CKlasse_Bilderreihe 3_P_IMG_9586_noise.jpg,CKlasse_Bilderreihe 3_P_IMG_9586_noise_roi_01.jpg,573,706,93888
CKlasse_Bilderreihe 3_P_IMG_9586_noise.jpg,CKlasse_Bilderreihe 3_P_IMG_9586_noise_roi_02.jpg,843,293,36550
CKlasse_Bilderreihe 3_P_IMG_9586_noise.jpg,CKlasse_Bilderreihe 3_P_IMG_9586_noise_roi_03.jpg,999,916,2353
CKlasse_Bilderreihe 3_P_IMG_9586_noise.jpg,CKlasse_Bilderreihe 3_P_IMG_9586_noise_roi_04.jpg,394,557,723
CKlasse_Bilderreihe 3_P_IMG_9574_rot2.jpg,CKlasse_Bilderreihe 3_P_IMG_9574_rot2_roi_00.jpg,555,686,125286
CKlasse_Bilderreihe 3_P_IMG_9574_rot2.jpg,CKlasse_Bilderreihe 3_P_IMG_9574_rot2_roi_01.jpg,301,552,104758
CKlasse_Bilderreihe 3_P_IMG_9574_rot2.jpg,CKlasse_Bilderreihe 3_P_IMG_9574_rot2_roi_02.jpg,28,982,2981
CKlasse_Bilderreihe 3_P_IMG_9574_rot2.jpg,CKlasse_Bilderreihe 3_P_IMG_9574_rot2_roi_03.jpg,807,853,666
CKlasse_Bilderreihe 3_P_IMG_9566_contrast.jpg,CKlasse_Bilderreihe 3_P_IMG_9566_contrast_roi_00.jpg,438,512,590742
CKlasse_Bilderreihe 3_P_IMG_9570_rot-13.jpg,CKlasse_Bilderreihe 3_P_IMG_9570_rot-13_roi_00.jpg,460,512,286728
CKlasse_Bilderreihe 3_P_IMG_9570_rot-13.jpg,CKlasse_Bilderreihe 3_P_IMG_9570_rot-13_roi_01.jpg,443,515,45478
CKlasse_Bilderreihe 3_P_IMG_9570_rot-13.jpg,CKlasse_Bilderreihe 3_P_IMG_9570_rot-13_roi_02.jpg,955,550,6567
CKlasse_Bilderreihe 3_P_IMG_9570_rot-13.jpg,CKlasse_Bilderreihe 3_P_IMG_9570_rot-13_roi_03.jpg,924,886,4279
CKlasse_Bilderreihe 3_P_IMG_9570_rot-13.jpg,CKlasse_Bilderreihe 3_P_IMG_9570_rot-13_roi_04.jpg,985,753,2393
CKlasse_Bilderreihe 3_P_IMG_9570_rot-13.jpg,CKlasse_Bilderreihe 3_P_IMG_9570_rot-13_roi_05.jpg,920,986,2319
CKlasse_Bilderreihe 3_P_IMG_9570_rot-13.jpg,CKlasse_Bilderreihe 3_P_IMG_9570_rot-13_roi_06.jpg,248,9,821
CKlasse_Bilderreihe 3_P_IMG_9570_rot-13.jpg,CKlasse_Bilderreihe 3_P_IMG_9570_rot-13_roi_07.jpg,900,820,817
CKlasse_Bilderreihe 3_P_IMG_9570_rot-13.jpg,CKlasse_Bilderreihe 3_P_IMG_9570_rot-13_roi_08.jpg,1002,640,502
20251213_125143_039.jpg,20251213_125143_039_roi_00.jpg,1326,1500,812793
20251213_125143_039.jpg,20251213_125143_039_roi_01.jpg,3730,1500,644343
20251213_125143_039.jpg,20251213_125143_039_roi_02.jpg,2265,1920,417896
20251213_125143_039.jpg,20251213_125143_039_roi_03.jpg,426,1078,299764
20251213_125143_039.jpg,20251213_125143_039_roi_04.jpg,3146,2383,200889
20251213_125143_039.jpg,20251213_125143_039_roi_05.jpg,1213,1039,120656
20251213_125143_039.jpg,20251213_125143_039_roi_06.jpg,2505,2077,52126
20251213_125143_039.jpg,20251213_125143_039_roi_07.jpg,1312,950,31718
20251213_125143_039.jpg,20251213_125143_039_roi_08.jpg,3219,556,17730
20251213_125143_039.jpg,20251213_125143_039_roi_09.jpg,2322,581,11227
20251213_125143_039.jpg,20251213_125143_039_roi_10.jpg,1978,1396,9922
20251213_125143_039.jpg,20251213_125143_039_roi_11.jpg,3442,989,9224
20251213_125143_039.jpg,20251213_125143_039_roi_12.jpg,680,1598,7722
20251213_125143_039.jpg,20251213_125143_039_roi_13.jpg,2953,1576,6720
20251213_125143_039.jpg,20251213_125143_039_roi_14.jpg,2733,1576,6720
20251213_125143_039.jpg,20251213_125143_039_roi_15.jpg,868,1424,5092
20251213_125143_039.jpg,20251213_125143_039_roi_16.jpg,3520,1700,3148
20251213_125143_039.jpg,20251213_125143_039_roi_17.jpg,2770,1442,3125
20251213_125143_039.jpg,20251213_125143_039_roi_18.jpg,2556,1558,2992
20251213_125143_039.jpg,20251213_125143_039_roi_19.jpg,1822,946,2820
20251213_125143_039.jpg,20251213_125143_039_roi_20.jpg,499,1916,2438
20251213_125143_039.jpg,20251213_125143_039_roi_21.jpg,1030,1621,2354
20251213_125143_039.jpg,20251213_125143_039_roi_22.jpg,1088,1827,1769
20251213_125143_039.jpg,20251213_125143_039_roi_23.jpg,1916,2155,1434
20251213_125143_039.jpg,20251213_125143_039_roi_24.jpg,1815,768,1314
CKlasse_Bilderreihe 3_P_IMG_9586_rot14.jpg,CKlasse_Bilderreihe 3_P_IMG_9586_rot14_roi_00.jpg,381,696,93202
CKlasse_Bilderreihe 3_P_IMG_9586_rot14.jpg,CKlasse_Bilderreihe 3_P_IMG_9586_rot14_roi_01.jpg,650,529,69379
CKlasse_Bilderreihe 3_P_IMG_9586_rot14.jpg,CKlasse_Bilderreihe 3_P_IMG_9586_rot14_roi_02.jpg,386,50,24309
CKlasse_Bilderreihe 3_P_IMG_9586_rot14.jpg,CKlasse_Bilderreihe 3_P_IMG_9586_rot14_roi_03.jpg,878,145,15303
CKlasse_Bilderreihe 3_P_IMG_9586_rot14.jpg,CKlasse_Bilderreihe 3_P_IMG_9586_rot14_roi_04.jpg,59,103,7383
CKlasse_Bilderreihe 3_P_IMG_9586_rot14.jpg,CKlasse_Bilderreihe 3_P_IMG_9586_rot14_roi_05.jpg,420,798,5406
019.png,019_roi_00.jpg,156,60,4314
019.png,019_roi_01.jpg,112,179,905
040.png,040_roi_00.jpg,208,102,34027
040.png,040_roi_01.jpg,308,14,539
CKlasse_Bilderreihe 2_P_IMG_9351_rot6.jpg,CKlasse_Bilderreihe 2_P_IMG_9351_rot6_roi_00.jpg,512,261,299138
CKlasse_Bilderreihe 2_P_IMG_9351_rot6.jpg,CKlasse_Bilderreihe 2_P_IMG_9351_rot6_roi_01.jpg,722,361,33672
CKlasse_Bilderreihe 2_P_IMG_9351_rot6.jpg,CKlasse_Bilderreihe 2_P_IMG_9351_rot6_roi_02.jpg,222,852,23364
CKlasse_Bilderreihe 2_P_IMG_9351_rot6.jpg,CKlasse_Bilderreihe 2_P_IMG_9351_rot6_roi_03.jpg,419,663,6841
CKlasse_Bilderreihe 2_P_IMG_9351_rot6.jpg,CKlasse_Bilderreihe 2_P_IMG_9351_rot6_roi_04.jpg,796,563,4446
CKlasse_Bilderreihe 2_P_IMG_9351_rot6.jpg,CKlasse_Bilderreihe 2_P_IMG_9351_rot6_roi_05.jpg,982,711,2418
CKlasse_Bilderreihe 2_P_IMG_9351_rot6.jpg,CKlasse_Bilderreihe 2_P_IMG_9351_rot6_roi_06.jpg,599,890,2285
CKlasse_Bilderreihe 2_P_IMG_9351_rot6.jpg,CKlasse_Bilderreihe 2_P_IMG_9351_rot6_roi_07.jpg,781,729,1193
CKlasse_Bilderreihe 2_P_IMG_9351_rot6.jpg,CKlasse_Bilderreihe 2_P_IMG_9351_rot6_roi_08.jpg,48,1009,957
CKlasse_Bilderreihe 3_P_IMG_9549_contrast.jpg,CKlasse_Bilderreihe 3_P_IMG_9549_contrast_roi_00.jpg,512,204,338518
CKlasse_Bilderreihe 3_P_IMG_9549_contrast.jpg,CKlasse_Bilderreihe 3_P_IMG_9549_contrast_roi_01.jpg,368,739,264223
CKlasse_Bilderreihe 3_P_IMG_9549_contrast.jpg,CKlasse_Bilderreihe 3_P_IMG_9549_contrast_roi_02.jpg,904,576,37269
CKlasse_Bilderreihe 3_P_IMG_9549_contrast.jpg,CKlasse_Bilderreihe 3_P_IMG_9549_contrast_roi_03.jpg,731,706,1086
CKlasse_Bilderreihe 3_P_IMG_9549_contrast.jpg,CKlasse_Bilderreihe 3_P_IMG_9549_contrast_roi_04.jpg,32,19,1003
CKlasse_Bilderreihe 3_P_IMG_9549_contrast.jpg,CKlasse_Bilderreihe 3_P_IMG_9549_contrast_roi_05.jpg,727,485,505
CKlasse_Bilderreihe 3_P_IMG_9581_noise.jpg,CKlasse_Bilderreihe 3_P_IMG_9581_noise_roi_00.jpg,566,528,289780
CKlasse_Bilderreihe 3_P_IMG_9581_noise.jpg,CKlasse_Bilderreihe 3_P_IMG_9581_noise_roi_01.jpg,969,153,14812
CKlasse_Bilderreihe 3_P_IMG_9581_noise.jpg,CKlasse_Bilderreihe 3_P_IMG_9581_noise_roi_02.jpg,975,863,8672
CKlasse_Bilderreihe 3_P_IMG_9581_noise.jpg,CKlasse_Bilderreihe 3_P_IMG_9581_noise_roi_03.jpg,575,919,3273
CKlasse_Bilderreihe 3_P_IMG_9581_noise.jpg,CKlasse_Bilderreihe 3_P_IMG_9581_noise_roi_04.jpg,406,985,2225
CKlasse_Bilderreihe 3_P_IMG_9546_rot7.jpg,CKlasse_Bilderreihe 3_P_IMG_9546_rot7_roi_00.jpg,115,670,60189
CKlasse_Bilderreihe 3_P_IMG_9546_rot7.jpg,CKlasse_Bilderreihe 3_P_IMG_9546_rot7_roi_01.jpg,481,636,54173
CKlasse_Bilderreihe 3_P_IMG_9546_rot7.jpg,CKlasse_Bilderreihe 3_P_IMG_9546_rot7_roi_02.jpg,255,71,31624
CKlasse_Bilderreihe 3_P_IMG_9546_rot7.jpg,CKlasse_Bilderreihe 3_P_IMG_9546_rot7_roi_03.jpg,626,99,14485
CKlasse_Bilderreihe 3_P_IMG_9546_rot7.jpg,CKlasse_Bilderreihe 3_P_IMG_9546_rot7_roi_04.jpg,706,845,6158
CKlasse_Bilderreihe 3_P_IMG_9546_rot7.jpg,CKlasse_Bilderreihe 3_P_IMG_9546_rot7_roi_05.jpg,695,949,4198
CKlasse_Bilderreihe 3_P_IMG_9546_rot7.jpg,CKlasse_Bilderreihe 3_P_IMG_9546_rot7_roi_06.jpg,957,1018,858
CKlasse_Bilderreihe 4_P_IMG_9614_noise.jpg,CKlasse_Bilderreihe 4_P_IMG_9614_noise_roi_00.jpg,465,231,178558
CKlasse_Bilderreihe 4_P_IMG_9614_noise.jpg,CKlasse_Bilderreihe 4_P_IMG_9614_noise_roi_01.jpg,426,868,23658
CKlasse_Bilderreihe 4_P_IMG_9614_noise.jpg,CKlasse_Bilderreihe 4_P_IMG_9614_noise_roi_02.jpg,272,880,9003
CKlasse_Bilderreihe 4_P_IMG_9614_noise.jpg,CKlasse_Bilderreihe 4_P_IMG_9614_noise_roi_03.jpg,846,252,4851
CKlasse_Bilderreihe 4_P_IMG_9614_noise.jpg,CKlasse_Bilderreihe 4_P_IMG_9614_noise_roi_04.jpg,732,462,3152
CKlasse_Bilderreihe 4_P_IMG_9614_noise.jpg,CKlasse_Bilderreihe 4_P_IMG_9614_noise_roi_05.jpg,549,517,1942
CKlasse_Bilderreihe 4_P_IMG_9614_noise.jpg,CKlasse_Bilderreihe 4_P_IMG_9614_noise_roi_06.jpg,663,627,635
CKlasse_Bilderreihe 4_P_IMG_9612_rot5.jpg,CKlasse_Bilderreihe 4_P_IMG_9612_rot5_roi_00.jpg,512,561,229523
CKlasse_Bilderreihe 4_P_IMG_9612_rot5.jpg,CKlasse_Bilderreihe 4_P_IMG_9612_rot5_roi_01.jpg,509,551,16217
CKlasse_Bilderreihe 4_P_IMG_9612_rot5.jpg,CKlasse_Bilderreihe 4_P_IMG_9612_rot5_roi_02.jpg,807,398,14070
CKlasse_Bilderreihe 4_P_IMG_9612_rot5.jpg,CKlasse_Bilderreihe 4_P_IMG_9612_rot5_roi_03.jpg,541,5,1454
CKlasse_Bilderreihe 4_P_IMG_9612_rot5.jpg,CKlasse_Bilderreihe 4_P_IMG_9612_rot5_roi_04.jpg,777,25,539
CKlasse_Bilderreihe 3_P_IMG_9539_noise.jpg,CKlasse_Bilderreihe 3_P_IMG_9539_noise_roi_00.jpg,512,434,392920
CKlasse_Bilderreihe 3_P_IMG_9539_noise.jpg,CKlasse_Bilderreihe 3_P_IMG_9539_noise_roi_01.jpg,822,879,29012
CKlasse_Bilderreihe 3_P_IMG_9539_noise.jpg,CKlasse_Bilderreihe 3_P_IMG_9539_noise_roi_02.jpg,423,582,16586
CKlasse_Bilderreihe 3_P_IMG_9539_noise.jpg,CKlasse_Bilderreihe 3_P_IMG_9539_noise_roi_03.jpg,275,871,4550
CKlasse_Bilderreihe 2_P_IMG_9371_bright.jpg,CKlasse_Bilderreihe 2_P_IMG_9371_bright_roi_00.jpg,512,512,438317
CKlasse_Bilderreihe 2_P_IMG_9371_bright.jpg,CKlasse_Bilderreihe 2_P_IMG_9371_bright_roi_01.jpg,730,571,224297
CKlasse_Bilderreihe 2_P_IMG_9371_bright.jpg,CKlasse_Bilderreihe 2_P_IMG_9371_bright_roi_02.jpg,500,472,2180
CKlasse_Bilderreihe 2_P_IMG_9371_bright.jpg,CKlasse_Bilderreihe 2_P_IMG_9371_bright_roi_03.jpg,1002,318,2055
CKlasse_Bilderreihe 2_P_IMG_9371_bright.jpg,CKlasse_Bilderreihe 2_P_IMG_9371_bright_roi_04.jpg,409,1013,529
CKlasse_Bilderreihe 3_P_IMG_9579_original.jpg,CKlasse_Bilderreihe 3_P_IMG_9579_original_roi_00.jpg,423,324,160241
CKlasse_Bilderreihe 3_P_IMG_9579_original.jpg,CKlasse_Bilderreihe 3_P_IMG_9579_original_roi_01.jpg,477,712,92697
CKlasse_Bilderreihe 3_P_IMG_9579_original.jpg,CKlasse_Bilderreihe 3_P_IMG_9579_original_roi_02.jpg,146,97,22035
CKlasse_Bilderreihe 3_P_IMG_9579_original.jpg,CKlasse_Bilderreihe 3_P_IMG_9579_original_roi_03.jpg,935,48,11354
CKlasse_Bilderreihe 3_P_IMG_9579_original.jpg,CKlasse_Bilderreihe 3_P_IMG_9579_original_roi_04.jpg,569,865,775
CKlasse_Bilderreihe 3_P_IMG_9579_original.jpg,CKlasse_Bilderreihe 3_P_IMG_9579_original_roi_05.jpg,357,14,687
CKlasse_Bilderreihe 3_P_IMG_9579_original.jpg,CKlasse_Bilderreihe 3_P_IMG_9579_original_roi_06.jpg,1006,1010,628
20251213_125143_029.jpg,20251213_125143_029_roi_00.jpg,1731,1500,1576482
20251213_125143_029.jpg,20251213_125143_029_roi_01.jpg,3395,1500,802459
20251213_125143_029.jpg,20251213_125143_029_roi_02.jpg,1199,899,220053
20251213_125143_029.jpg,20251213_125143_029_roi_03.jpg,2544,2352,169831
20251213_125143_029.jpg,20251213_125143_029_roi_04.jpg,2163,1712,138439
20251213_125143_029.jpg,20251213_125143_029_roi_05.jpg,3925,753,122089
20251213_125143_029.jpg,20251213_125143_029_roi_06.jpg,3507,2153,75219
20251213_125143_029.jpg,20251213_125143_029_roi_07.jpg,2119,1984,43028
20251213_125143_029.jpg,20251213_125143_029_roi_08.jpg,1638,1899,27609
20251213_125143_029.jpg,20251213_125143_029_roi_09.jpg,1420,1797,26661
20251213_125143_029.jpg,20251213_125143_029_roi_10.jpg,3711,1342,25316
20251213_125143_029.jpg,20251213_125143_029_roi_11.jpg,1189,1460,24505
20251213_125143_029.jpg,20251213_125143_029_roi_12.jpg,3109,673,17254
20251213_125143_029.jpg,20251213_125143_029_roi_13.jpg,927,1154,10776
20251213_125143_029.jpg,20251213_125143_029_roi_14.jpg,47,247,10631
20251213_125143_029.jpg,20251213_125143_029_roi_15.jpg,3860,394,6320
20251213_125143_029.jpg,20251213_125143_029_roi_16.jpg,1854,1299,5988
20251213_125143_029.jpg,20251213_125143_029_roi_17.jpg,1285,1620,3361
20251213_125143_029.jpg,20251213_125143_029_roi_18.jpg,2163,522,2687
20251213_125143_029.jpg,20251213_125143_029_roi_19.jpg,1116,1826,2498
20251213_125143_029.jpg,20251213_125143_029_roi_20.jpg,2372,1550,2358
20251213_125143_029.jpg,20251213_125143_029_roi_21.jpg,2758,1654,2296
20251213_125143_029.jpg,20251213_125143_029_roi_22.jpg,464,1458,2041
20251213_125143_029.jpg,20251213_125143_029_roi_23.jpg,2525,2754,2014
20251213_125143_029.jpg,20251213_125143_029_roi_24.jpg,1147,1558,1786
